_source_row,order_id,order_date,customer_id,country,product_id,quantity,unit_price,discount_pct,status,rejection_reason,order_id_raw,order_date_raw,customer_id_raw,country_raw,product_id_raw,quantity_raw,unit_price_raw,discount_pct_raw,status_raw
260001,181236,2018-05-11,24515,Italy,1938,3,104.59,21.21,Shipped,exact_duplicate_copy,,,,,,,,,
260002,235394,2017-01-21,15031,france,1083,1,86.59,0.0,Shipped,exact_duplicate_copy,,,,,,,,,
260003,198300,02-06-2017,31955,Italy,458,5,186.61,17.14,shipped,exact_duplicate_copy,,,,,,,,,
260004,92881,2019.08.24,41187,sweden,1115,4,209.49,20.81,Done,exact_duplicate_copy,,,,,,,,,
260005,175834,2018-06-20,8062,sweden,1879,5,205.62,18.76,done,exact_duplicate_copy,,,,,,,,,
260006,236997,2023-08-18,13105,IT,1862,3,252.5,16.74,Done,exact_duplicate_copy,,,,,,,,,
260007,172254,2016-09-09,47202,Sweden,74,3,82.38,,Done,exact_duplicate_copy,,,,,,,,,
260008,82457,2020-11-27,47810,Austria,2037,2,112.03,23.8,DONE,exact_duplicate_copy,,,,,,,,,
260009,188713,29-07-2022,53893,austria,2043,2,305.12,0.0,completed,exact_duplicate_copy,,,,,,,,,
260010,27362,2019/04/19,29850,FR,274,7,99.38,0.0,COMPLETED,exact_duplicate_copy,,,,,,,,,
260011,107675,2020.10.22,21403,France,147,6,239.13,,Shipped,exact_duplicate_copy,,,,,,,,,
260012,17780,2022-11-18,21157,AT,259,1,295.03,,COMPLETED,exact_duplicate_copy,,,,,,,,,
260013,193107,2020-01-05,33852,AT,2046,2,124.04,11.89,Completed,exact_duplicate_copy,,,,,,,,,
260014,203342,2024-02,52006,Czech Republic,1258,2,93.88,15.61,COMPLETED,exact_duplicate_copy,,,,,,,,,
260015,159618,06-12-2015,4494,Italy,2356,3,244.08,13.21,DONE,exact_duplicate_copy,,,,,,,,,
260016,110085,2019-10-13,23445,spain,1140,2,173.16,1.33,SHIP,exact_duplicate_copy,,,,,,,,,
260017,135869,2021-05-01,7648,NL,1832,2,106.5,,completed,exact_duplicate_copy,,,,,,,,,
260018,152511,2020-03-23,21940,slovak,2421,608,132.08,0.0,completed,exact_duplicate_copy,,,,,,,,,
260019,231654,2021-06-28,21365,Netherlands,2334,7,156.6,31.46,complete,exact_duplicate_copy,,,,,,,,,
260020,155817,16/10/2021,44194,AT,2158,5,329.23,0.0,shipped,exact_duplicate_copy,,,,,,,,,
260021,155156,2022-04-30,19810,Italy,820,3,160.96,10%,Completed,exact_duplicate_copy,,,,,,,,,
260022,149201,2017-09-04,1560,ES,2385,5,123.48,21.07,DONE,exact_duplicate_copy,,,,,,,,,
260023,208783,2020-02-28,43085,SLOVAKIA,1851,3,199.34,30.79,DONE,exact_duplicate_copy,,,,,,,,,
260024,242091,2017-05-16,28043,Czech,2081,5,133.77,8.76,completed,exact_duplicate_copy,,,,,,,,,
260025,204247,2022/09/04,58009,sweden,2182,3,234.89,9.87,shipped,exact_duplicate_copy,,,,,,,,,
260026,153753,2021/12/30,31277,SE,751,2,114.1,0.0,Completed,exact_duplicate_copy,,,,,,,,,
260027,215335,2021-08-17,37203,Netherlands,1770,3,319.62,21.09,Completed,exact_duplicate_copy,,,,,,,,,
260028,137682,2021-08-10,58814,DE,698,5,122.43,7.41,shipped,exact_duplicate_copy,,,,,,,,,
260029,80131,2016-06-12,7471,SK,2221,6,184.09,0.0,Shipped,exact_duplicate_copy,,,,,,,,,
260030,104918,2023-07-20,47063,spain,2289,1,150.34,13.52,DONE,exact_duplicate_copy,,,,,,,,,
260031,239943,25-12-2015,40333,Netherlands,1448,3,113.59,12.61,complete,exact_duplicate_copy,,,,,,,,,
260032,180651,27-03-2022,46746,Sweden,1626,5,133.82,28.14,Done,exact_duplicate_copy,,,,,,,,,
260033,171432,2015-10-26,4503,IT,2078,2,74.09,0.0,complete,exact_duplicate_copy,,,,,,,,,
260034,83252,2016-05-05,14843,Spain,305,3,93.08,,COMPLETED,exact_duplicate_copy,,,,,,,,,
260035,213546,2016/08/03,18060,AT,1324,3,151.31,21.76,SHIP,exact_duplicate_copy,,,,,,,,,
260036,154894,2017.06.27,4732,GER,1812,3,325.96,20.62,Completed,exact_duplicate_copy,,,,,,,,,
260037,147918,11/03/2019,728,France,207,3,313.73,16.95,completed,exact_duplicate_copy,,,,,,,,,
260038,180322,2022-10-01,14217,germany,1134,3,180.05,18.07,Shipped,exact_duplicate_copy,,,,,,,,,
260039,181550,2018-11-28,21914,Austria,1243,4,264.68,0.76,DONE,exact_duplicate_copy,,,,,,,,,
260040,183335,2021-05-07,37559,SK,113,5,201.39,18.52,SHIP,exact_duplicate_copy,,,,,,,,,
260041,137970,2022-05-21,39835,Czechia,1979,5,170.82,1.48,SHIP,exact_duplicate_copy,,,,,,,,,
260042,226423,2019/11/25,40028,Poland,1896,1,191.24,0.0,Done,exact_duplicate_copy,,,,,,,,,
260043,62865,2018/12/28,248,netherlands,1918,3,90.04,11.08,SHIP,exact_duplicate_copy,,,,,,,,,
260044,135168,09/11/2021,41076,slovak,604,2,345.48,9.08,Shipped,exact_duplicate_copy,,,,,,,,,
260045,60437,2021/12/04,14267,netherlands,1221,2,288.75,19.59,DONE,exact_duplicate_copy,,,,,,,,,
260046,233295,15-03-2021,56682,Netherlands,2215,5,154.55,0.0,Done,exact_duplicate_copy,,,,,,,,,
260047,190726,2015/08/28,48439,SLOVAKIA,559,4,204.1,21.84,Completed,exact_duplicate_copy,,,,,,,,,
260048,7075,14/10/2017,8925,Czech,902,7,184.58,1.16,DONE,exact_duplicate_copy,,,,,,,,,
260049,139445,2021-02-22,32489,Czech,1350,6,100.94,5.68,complete,exact_duplicate_copy,,,,,,,,,
260050,17769,2023-03-13,28451,Spain,1446,1,152.47,0.0,DONE,exact_duplicate_copy,,,,,,,,,
260051,60882,2023-01-29,37796,france,885,4,146.25,10%,COMPLETED,exact_duplicate_copy,,,,,,,,,
260052,28843,2021/06/14,38214,DE,616,3,304.61,14.17,complete,exact_duplicate_copy,,,,,,,,,
260053,29139,2016-01-10,23034,SK,2055,2,134.43,,COMPLETED,exact_duplicate_copy,,,,,,,,,
260054,193564,2018/12/11,2998,austria,190,4,226.97,11.3,CANCELLED,exact_duplicate_copy,,,,,,,,,
260055,152961,2019-08-15,43543,Poland,1088,4,124.45,8.14,Shipped,exact_duplicate_copy,,,,,,,,,
260056,71051,2016-04-05,15343,Czech,965,4,54.3,7.24,Completed,exact_duplicate_copy,,,,,,,,,
260057,39453,04-09-2017,49493,austria,692,2,310.43,,Completed,exact_duplicate_copy,,,,,,,,,
260058,212811,2019-11-28,1278,CZ,983,3,135.34,18.86,Completed,exact_duplicate_copy,,,,,,,,,
260059,26876,05-08-2021,23338,france,1781,2,245.02,5.38,Completed,exact_duplicate_copy,,,,,,,,,
260060,259758,2017/09/04,42843,Deutschland,241,2,99.33,,Completed,exact_duplicate_copy,,,,,,,,,
260061,196018,2022-11-22,41877,Austria,599,3,247.19,23.03,SHIP,exact_duplicate_copy,,,,,,,,,
260062,77125,2019.04.15,57279,poland,58,1,242.55,10.52,Shipped,exact_duplicate_copy,,,,,,,,,
260063,997,2021.02.14,29078,GER,1303,6,214.74,16.31,shipped,exact_duplicate_copy,,,,,,,,,
260064,9016,2015/09/09,18760,pl,2192,3,65.07,32.57,Shipped,exact_duplicate_copy,,,,,,,,,
260065,21816,2018/08/12,27360,austria,1350,7,111.97,9.81,CANCELLED,exact_duplicate_copy,,,,,,,,,
260066,50583,not_a_date,24871,PL,1553,2,89.6,13.61,shipped,exact_duplicate_copy,,,,,,,,,
260067,126357,25-02-2023,57801,Czechia,1361,1,173.38,11.81,done,exact_duplicate_copy,,,,,,,,,
260068,37659,20-01-2020,7538,PL,698,2,116.52,17.3,done,exact_duplicate_copy,,,,,,,,,
260069,66015,2017-07-20,54748,Czech,2344,1,259.55,25.8,DONE,exact_duplicate_copy,,,,,,,,,
260070,212141,2018-05-09,3249,france,2089,3,165.41,13.39,shipped,exact_duplicate_copy,,,,,,,,,
260071,219207,2022/08/12,27693,DE,2423,2,332.82,12.14,CANCELLED,exact_duplicate_copy,,,,,,,,,
260072,165968,2021-06-28,50070,GER,1894,4,277.61,,completed,exact_duplicate_copy,,,,,,,,,
260073,200583,2021-03-01,12094,spain,164,2,74.46,2.51,Done,exact_duplicate_copy,,,,,,,,,
260074,74504,2016-10-19,21648,Spain,2357,2,75.91,0.0,complete,exact_duplicate_copy,,,,,,,,,
260075,14288,2015/10/10,49697,CZ,118,2,310.5,0.0,Shipped,exact_duplicate_copy,,,,,,,,,
260076,112156,2015-10-31,28328,czechia,1489,4,218.61,0.0,COMPLETED,exact_duplicate_copy,,,,,,,,,
260077,250693,2024-10-25,4248,Slovakia,773,5,378.41,,Completed,exact_duplicate_copy,,,,,,,,,
260078,139741,2015-12-29,44964,netherlands,1675,608,167.49,0.0,completed,exact_duplicate_copy,,,,,,,,,
260079,236680,2024-12-31,36277,slovak,1546,4,87.2,23.23,Done,exact_duplicate_copy,,,,,,,,,
260080,138372,2018-10-21,18358,Slovakia,2301,2,234.32,,done,exact_duplicate_copy,,,,,,,,,
260081,39001,2022/04/19,45866,Sweden,1937,4,282.15,22.73,complete,exact_duplicate_copy,,,,,,,,,
260082,170424,2018-07-27,49372,ES,1960,2,281.03,18.93,Done,exact_duplicate_copy,,,,,,,,,
260083,209991,2021-07-11,28162,ES,2158,3,291.06,22.31,done,exact_duplicate_copy,,,,,,,,,
260084,34282,2021/12/20,40881,Slovakia,452,3,153.66,2.13,done,exact_duplicate_copy,,,,,,,,,
260085,111588,2019/05/09,40334,Holland,1182,2,113.63,,Completed,exact_duplicate_copy,,,,,,,,,
260086,131752,2018-05-20,29169,SE,1736,6,275.38,14.75,shipped,exact_duplicate_copy,,,,,,,,,
260087,24913,2019-07-09,53858,france,2395,5,91.06,17.43,done,exact_duplicate_copy,,,,,,,,,
260088,228609,2015/12/16,30580,slovak,38,1,146.37,0.0,DONE,exact_duplicate_copy,,,,,,,,,
260089,62040,2021/05/24,30523,Slovakia,925,4,235.66,,Shipped,exact_duplicate_copy,,,,,,,,,
260090,99072,2024-10-04,25399,poland,1889,3,222.05,14.04,done,exact_duplicate_copy,,,,,,,,,
260091,87803,2024/02/23,33761,Sweden,825,4,354.35,2.15,SHIP,exact_duplicate_copy,,,,,,,,,
260092,213706,02-11-2020,45150,Czech Republic,1422,2,272.36,5.91,SHIP,exact_duplicate_copy,,,,,,,,,
260093,90425,2016/10/26,29737,pl,2223,7,258.19,20.16,DONE,exact_duplicate_copy,,,,,,,,,
260094,173392,2017-12-05,8668,pl,1884,4,76.62,5.78,complete,exact_duplicate_copy,,,,,,,,,
260095,58194,2021-11-19,47257,sweden,2336,3,149.8,16.61,complete,exact_duplicate_copy,,,,,,,,,
260096,198135,2019-08-11,54492,spain,2348,1,228.0,12.27,DONE,exact_duplicate_copy,,,,,,,,,
260097,207065,2018/02/22,36495,netherlands,244,3,128.98,18.21,Completed,exact_duplicate_copy,,,,,,,,,
260098,186241,2022.09.04,9218,Czech,133,5,303.59,28.94,complete,exact_duplicate_copy,,,,,,,,,
260099,54173,2017/04/04,33497,FR,836,5,249.72,,SHIP,exact_duplicate_copy,,,,,,,,,
260100,140833,2023-10-19,5375,AT,1911,5,250.69,22.86,completed,exact_duplicate_copy,,,,,,,,,
260101,36660,2017-10-11,3416,Sweden,1431,2,64.11,14.23,completed,exact_duplicate_copy,,,,,,,,,
260102,220264,2023-12-24,23594,Sweden,935,1,133.27,19.82,shipped,exact_duplicate_copy,,,,,,,,,
260103,163718,08-02-2018,51280,CZ,1279,5,191.1,21.25,SHIP,exact_duplicate_copy,,,,,,,,,
260104,39595,2021-03-24,11901,netherlands,2266,1,185.52,21.4,completed,exact_duplicate_copy,,,,,,,,,
260105,220402,2019-12-03,57152,Czech,664,1,148.59,3.51,shipped,exact_duplicate_copy,,,,,,,,,
260106,231893,2021/06/02,8261,Italy,1560,4,181.3,,Completed,exact_duplicate_copy,,,,,,,,,
260107,175493,04-12-2022,59172,spain,1474,3,216.78,27.35,completed,exact_duplicate_copy,,,,,,,,,
260108,94438,2019-07-07,51752,PL,407,3,143.24,0.0,Done,exact_duplicate_copy,,,,,,,,,
260109,35898,2024-09-19,12145,SLOVAKIA,626,4,213.34,9.63,Done,exact_duplicate_copy,,,,,,,,,
260110,22853,2018-11-13,14549,austria,1699,1,250.37,0.0,Shipped,exact_duplicate_copy,,,,,,,,,
260111,90477,2019/06/15,37865,Italy,1253,2,110.92,19.11,shipped,exact_duplicate_copy,,,,,,,,,
260112,138963,18-10-2017,33680,Deutschland,1136,3,290.24,1.03,Shipped,exact_duplicate_copy,,,,,,,,,
260113,71435,2017-11-09,1796,Germany,278,1,291.37,4.1,DONE,exact_duplicate_copy,,,,,,,,,
260114,73219,2021-01,44259,SE,243,3,275.17,19.54,DONE,exact_duplicate_copy,,,,,,,,,
260115,113866,2019-02-23,31950,Austria,35,2,203.24,6.99,DONE,exact_duplicate_copy,,,,,,,,,
260116,33058,2015-08-09,301,Czechia,1878,1,112.32,12.59,DONE,exact_duplicate_copy,,,,,,,,,
260117,339,2024-12-15,59576,ES,748,4,186.33,19.27,done,exact_duplicate_copy,,,,,,,,,
260118,224277,2024-12-11,38755,slovak,92,6,87.07,9.86,Done,exact_duplicate_copy,,,,,,,,,
260119,172288,2021-01-06,19120,Slovakia,1289,1,240.08,0.0,complete,exact_duplicate_copy,,,,,,,,,
260120,149195,2022-01-08,28195,Deutschland,251,1,308.66,7.0,Shipped,exact_duplicate_copy,,,,,,,,,
260121,89109,2022-10-13,54568,SK,1322,1,275.08,8.1,Completed,exact_duplicate_copy,,,,,,,,,
260122,129935,2023/08/02,8803,Sweden,1077,1,265.94,0.0,complete,exact_duplicate_copy,,,,,,,,,
260123,225726,2015-09-27,38262,pl,2092,3,140.55,15.79,COMPLETED,exact_duplicate_copy,,,,,,,,,
260124,63804,2016-08-05,31794,austria,2045,1,231.0,16.74,DONE,exact_duplicate_copy,,,,,,,,,
260125,113215,2020-06-24,54221,austria,1526,5,229.87,12.02,Done,exact_duplicate_copy,,,,,,,,,
260126,49925,2018-06-30,56960,netherlands,1722,5,194.8,20.05,complete,exact_duplicate_copy,,,,,,,,,
260127,112239,02-02-2022,43966,sweden,308,2,118.19,13.76,complete,exact_duplicate_copy,,,,,,,,,
260128,25320,2015/02/22,21852,Czech,1699,5,196.75,16.62,complete,exact_duplicate_copy,,,,,,,,,
260129,239284,2020-02-13,7275,POL,555,1,200.42,3.41,shipped,exact_duplicate_copy,,,,,,,,,
260130,255720,2020-10-30,22256,NL,997,2,109.95,2.48,complete,exact_duplicate_copy,,,,,,,,,
260131,109535,12/07/2022,55832,austria,805,1,295.17,16.11,completed,exact_duplicate_copy,,,,,,,,,
260132,64422,21-09-2016,9640,France,344,4,77.75,13.18,SHIP,exact_duplicate_copy,,,,,,,,,
260133,216388,2017-02-05,40045,Holland,1521,6,106.32,3.6,complete,exact_duplicate_copy,,,,,,,,,
260134,44466,2021/03/19,13047,SLOVAKIA,1473,4,125.75,2.38,DONE,exact_duplicate_copy,,,,,,,,,
260135,90039,01-03-2015,47304,CZ,1123,5,187.06,0.0,CANCELLED,exact_duplicate_copy,,,,,,,,,
260136,215275,2021/09/25,32115,SLOVAKIA,311,5,293.91,0.0,COMPLETED,exact_duplicate_copy,,,,,,,,,
260137,117910,2020-08-03,52314,Czech,1465,5,234.78,15.86,done,exact_duplicate_copy,,,,,,,,,
260138,54626,2016-09-16,36550,Deutschland,421,4,165.97,22.79,Shipped,exact_duplicate_copy,,,,,,,,,
260139,253834,2017/10/02,14774,Sweden,2354,4,75.29,3.07,complete,exact_duplicate_copy,,,,,,,,,
260140,166643,04-03-2016,58393,slovak,469,5,233.94,0.0,Completed,exact_duplicate_copy,,,,,,,,,
260141,105614,16/10/2024,26885,Deutschland,312,2,322.26,7.66,Done,exact_duplicate_copy,,,,,,,,,
260142,142452,2024/11/03,1940,austria,427,4,153.85,8.14,DONE,exact_duplicate_copy,,,,,,,,,
260143,250724,2019/01/05,4249,spain,416,2,272.63,18.09,Shipped,exact_duplicate_copy,,,,,,,,,
260144,211378,2022-12-11,52028,Czech,978,1,83.18,14.88,DONE,exact_duplicate_copy,,,,,,,,,
260145,247822,2017-06-10,50680,Spain,1301,3,135.58,2.39,Completed,exact_duplicate_copy,,,,,,,,,
260146,170159,2016-03-13,8611,Spain,838,1,255.77,10.23,CANCELLED,exact_duplicate_copy,,,,,,,,,
260147,82713,2015-04-14,15740,netherlands,1258,1,72.89,7.15,SHIP,exact_duplicate_copy,,,,,,,,,
260148,197925,10-12-2022,51370,Austria,827,6,298.76,12.31,complete,exact_duplicate_copy,,,,,,,,,
260149,253273,2015-02-05,38005,sweden,751,1,78.99,5.19,Completed,exact_duplicate_copy,,,,,,,,,
260150,104847,2015-11-20,55650,Spain,681,2,248.76,0.0,SHIP,exact_duplicate_copy,,,,,,,,,
260151,11734,2020-01-24,35023,DE,1154,2,173.36,3.23,COMPLETED,exact_duplicate_copy,,,,,,,,,
260152,47812,22-11-2019,2072,IT,1726,5,273.69,27.54,Completed,exact_duplicate_copy,,,,,,,,,
260153,214623,2021-11-24,58574,Czech Republic,188,4,185.57,,Done,exact_duplicate_copy,,,,,,,,,
260154,154494,2022/09/23,23426,GER,222,4,128.49,,CANCELLED,exact_duplicate_copy,,,,,,,,,
260155,194249,28-06-2021,4726,poland,1358,3,274.19,7.95,Shipped,exact_duplicate_copy,,,,,,,,,
260156,143982,2016-03-12,45512,CZ,1790,3,298.29,,SHIP,exact_duplicate_copy,,,,,,,,,
260157,88317,2020-09-03,25917,Italy,1323,2,113.32,16.08,SHIP,exact_duplicate_copy,,,,,,,,,
260158,246365,2023-06-15,15997,Sweden,35,2,203.55,11.28,CANCELLED,exact_duplicate_copy,,,,,,,,,
260159,120756,2016/02/09,22752,Deutschland,937,2,276.1,22.5,Completed,exact_duplicate_copy,,,,,,,,,
260160,78108,2015-07-05,55023,Italy,728,3,239.16,12.94,Completed,exact_duplicate_copy,,,,,,,,,
260161,225546,2019-12-20,32827,Sweden,1349,608,164.43,6.69,Completed,exact_duplicate_copy,,,,,,,,,
260162,140149,2023-09-06,28652,SE,66,608,309.98,28.17,Completed,exact_duplicate_copy,,,,,,,,,
260163,48509,2019-08-30,7498,CZ,1576,4,161.18,5.58,complete,exact_duplicate_copy,,,,,,,,,
260164,259929,04-09-2023,24835,France,1165,5,133.92,24.86,COMPLETED,exact_duplicate_copy,,,,,,,,,
260165,196688,2018-07-07,31084,france,340,4,136.29,32.57,done,exact_duplicate_copy,,,,,,,,,
260166,17126,2021-01-30,1534,pl,1035,2,179.44,15.0,CANCELLED,exact_duplicate_copy,,,,,,,,,
260167,159632,2024/11/28,44526,netherlands,2373,3,301.04,13.39,DONE,exact_duplicate_copy,,,,,,,,,
260168,91829,2018/03/11,15753,Holland,903,3,224.94,33.98,Done,exact_duplicate_copy,,,,,,,,,
260169,44315,2018-06-20,9967,austria,1344,4,79.56,6.42,COMPLETED,exact_duplicate_copy,,,,,,,,,
260170,242786,2015-07-24,53146,italy,1873,3,142.35,,Done,exact_duplicate_copy,,,,,,,,,
260171,216560,2021/05/07,34949,DE,11,5,142.59,9.81,Done,exact_duplicate_copy,,,,,,,,,
260172,126292,2020/03/25,49024,France,1015,1,121.82,17.26,shipped,exact_duplicate_copy,,,,,,,,,
260173,124559,2021/07/22,50818,SE,1999,608,191.83,7.48,Shipped,exact_duplicate_copy,,,,,,,,,
260174,113506,2016-04-01,44875,SE,695,3,148.49,17.88,shipped,exact_duplicate_copy,,,,,,,,,
260175,2278,2018-10-01,12343,ES,998,3,158.72,13.83,Done,exact_duplicate_copy,,,,,,,,,
260176,113471,2017-10-10,8435,Spain,820,3,133.58,10.06,Done,exact_duplicate_copy,,,,,,,,,
260177,43099,2019-02-15,42490,slovak,1557,3,151.57,25.22,Completed,exact_duplicate_copy,,,,,,,,,
260178,249243,2020-11-28,15751,france,1118,4,132.96,14.17,complete,exact_duplicate_copy,,,,,,,,,
260179,55506,2023-12-15,18266,Netherlands,645,2,412.03,1.33,shipped,exact_duplicate_copy,,,,,,,,,
260180,31091,2020-10-28,54415,FR,1391,4,263.35,12.46,SHIP,exact_duplicate_copy,,,,,,,,,
260181,191181,2016-12-15,14192,CZ,82,3,86.22,34.99,Completed,exact_duplicate_copy,,,,,,,,,
260182,187940,2022-09-03,51010,Spain,708,2,138.66,,COMPLETED,exact_duplicate_copy,,,,,,,,,
260183,22036,2023-04-07,40474,Italy,2235,3,198.85,10%,SHIP,exact_duplicate_copy,,,,,,,,,
260184,40385,2015.02.03,57394,france,775,1,179.89,,Completed,exact_duplicate_copy,,,,,,,,,
260185,257533,2024-05-09,37460,NL,1344,4,116.56,3.6,completed,exact_duplicate_copy,,,,,,,,,
260186,161190,2016/03/16,24394,Sweden,1300,5,175.38,17.24,COMPLETED,exact_duplicate_copy,,,,,,,,,
260187,225670,11-06-2020,50796,Italy,1517,4,84.36,4.28,COMPLETED,exact_duplicate_copy,,,,,,,,,
260188,191221,2017-06-21,8695,czechia,2357,3,106.89,19.85,done,exact_duplicate_copy,,,,,,,,,
260189,55448,2020.09.21,4846,Austria,2148,7,126.38,34.37,CANCELLED,exact_duplicate_copy,,,,,,,,,
260190,36632,2016-12-17,31020,Germany,1458,2,110.61,,completed,exact_duplicate_copy,,,,,,,,,
260191,128583,2018-11-14,29325,DE,422,5,270.32,12.41,Completed,exact_duplicate_copy,,,,,,,,,
260192,182705,2018-08-29,17490,Austria,1937,4,225.16,9.12,SHIP,exact_duplicate_copy,,,,,,,,,
260193,18232,2020/07/27,30834,poland,758,3,255.67,11.46,completed,exact_duplicate_copy,,,,,,,,,
260194,119256,2015-04-23,20001,GER,1387,3,72.39,,completed,exact_duplicate_copy,,,,,,,,,
260195,128032,2021-04-12,54488,Czech Republic,1822,4,285.3,8.95,completed,exact_duplicate_copy,,,,,,,,,
260196,239406,2016-04-23,18111,AT,875,2,140.75,20.96,Shipped,exact_duplicate_copy,,,,,,,,,
260197,254275,2021-05-17,22852,italy,1434,4,113.24,10.54,Completed,exact_duplicate_copy,,,,,,,,,
260198,47653,2018-11-17,19231,Sweden,69,4,232.12,8.82,COMPLETED,exact_duplicate_copy,,,,,,,,,
260199,35231,09-02-2017,11672,SE,1736,3,182.48,12.79,DONE,exact_duplicate_copy,,,,,,,,,
260200,205886,2018-04-19,39337,netherlands,1956,2,108.06,12.21,CANCELLED,exact_duplicate_copy,,,,,,,,,
260201,29374,2022-10-15,33592,NL,1906,5,155.36,17.28,CANCELLED,exact_duplicate_copy,,,,,,,,,
260202,13529,2024-07-16,12789,Poland,1382,3,231.15,,Done,exact_duplicate_copy,,,,,,,,,
260203,222501,2017-11-24,9310,France,279,2,220.01,19.01,completed,exact_duplicate_copy,,,,,,,,,
260204,158755,2017-03-24,8788,ES,401,3,113.63,16.17,complete,exact_duplicate_copy,,,,,,,,,
260205,160543,2020-10-04,56174,italy,1289,1,218.24,,Completed,exact_duplicate_copy,,,,,,,,,
260206,169874,2017-07-26,42160,spain,1355,3,165.73,,SHIP,exact_duplicate_copy,,,,,,,,,
260207,70795,2018/08/07,53666,CZ,11,4,109.31,15.13,shipped,exact_duplicate_copy,,,,,,,,,
260208,30951,2016-12-01,17449,Czechia,1136,4,275.32,20.24,Shipped,exact_duplicate_copy,,,,,,,,,
260209,254019,2022/11/10,47028,Czech Republic,1162,1,188.94,11.71,complete,exact_duplicate_copy,,,,,,,,,
260210,110836,2019-06-11,39729,austria,1638,2,251.01,8.06,Done,exact_duplicate_copy,,,,,,,,,
260211,187529,2016/06/18,27648,CZ,2198,1,133.42,0.0,SHIP,exact_duplicate_copy,,,,,,,,,
260212,18690,02-08-2020,45349,Spain,12,2,124.37,10.77,completed,exact_duplicate_copy,,,,,,,,,
260213,169085,27-09-2024,11459,Sweden,1319,4,136.2,14.41,SHIP,exact_duplicate_copy,,,,,,,,,
260214,59171,2020/07/30,39969,SK,1789,3,160.67,16.04,done,exact_duplicate_copy,,,,,,,,,
260215,25774,2021-10-11,23837,POL,451,2,178.37,10.53,complete,exact_duplicate_copy,,,,,,,,,
260216,231111,2016/08/08,36051,Czech Republic,1147,5,128.41,11.19,Shipped,exact_duplicate_copy,,,,,,,,,
260217,87224,2020-07-06,32117,Italy,1633,5,200.47,17.35,SHIP,exact_duplicate_copy,,,,,,,,,
260218,237957,2019-06-20,9272,Slovakia,358,2,96.65,18.6,DONE,exact_duplicate_copy,,,,,,,,,
260219,31936,16-08-2018,38914,GER,1230,2,259.21,40.56,SHIP,exact_duplicate_copy,,,,,,,,,
260220,199095,2022-11-15,11153,SLOVAKIA,360,3,289.83,4.42,Done,exact_duplicate_copy,,,,,,,,,
260221,54140,2022/04/04,12648,germany,38,3,153.58,30.28,Shipped,exact_duplicate_copy,,,,,,,,,
260222,249445,2021/05/03,20374,Czechia,429,3,244.62,22.46,SHIP,exact_duplicate_copy,,,,,,,,,
260223,123533,29-11-2024,12709,SK,175,4,225.05,17.85,Completed,exact_duplicate_copy,,,,,,,,,
260224,42204,2024-05-17,19588,POL,413,3,208.09,12.83,DONE,exact_duplicate_copy,,,,,,,,,
260225,172394,2019.04.22,14897,spain,2080,2,118.61,,completed,exact_duplicate_copy,,,,,,,,,
260226,169099,2020/12/03,18944,austria,2,3,241.92,0.2,complete,exact_duplicate_copy,,,,,,,,,
260227,125159,2016-08-02,9100,AT,99,1,213.03,3.33,Completed,exact_duplicate_copy,,,,,,,,,
260228,223403,2023/12/20,1444,sweden,35,2,281.89,20.48,CANCELLED,exact_duplicate_copy,,,,,,,,,
260229,65559,07-03-2018,25215,NL,225,5,372.67,17.85,shipped,exact_duplicate_copy,,,,,,,,,
260230,33344,2016-10-02,49417,france,512,0,283.85,40.86,DONE,exact_duplicate_copy,,,,,,,,,
260231,249401,2023-02-27,1372,sweden,177,4,403.38,9.33,complete,exact_duplicate_copy,,,,,,,,,
260232,183865,2020.01.19,31744,Germany,986,4,317.25,5.34,Done,exact_duplicate_copy,,,,,,,,,
260233,219270,31-05-2015,15814,SE,2337,3,67.93,0.0,Completed,exact_duplicate_copy,,,,,,,,,
260234,13553,25-08-2022,53986,Netherlands,1512,2,256.57,39.45,Completed,exact_duplicate_copy,,,,,,,,,
260235,161658,2022.11.02,52557,Deutschland,1977,1,89.66,3.88,Done,exact_duplicate_copy,,,,,,,,,
260236,87655,2022-02-28,12377,Netherlands,839,3,215.52,3.85,DONE,exact_duplicate_copy,,,,,,,,,
260237,116188,2019/11/29,24634,SLOVAKIA,1809,4,177.14,0.0,COMPLETED,exact_duplicate_copy,,,,,,,,,
260238,60291,2024-01-17,31285,austria,2245,3,410.87,13.26,DONE,exact_duplicate_copy,,,,,,,,,
260239,8519,2022-06-14,27301,Slovakia,339,3,233.01,,DONE,exact_duplicate_copy,,,,,,,,,
260240,228366,2019/07/17,57234,sweden,1701,2,169.04,,DONE,exact_duplicate_copy,,,,,,,,,
260241,238792,21-04-2018,4066,Austria,859,2,426.12,5.53,DONE,exact_duplicate_copy,,,,,,,,,
260242,103138,2021-11-20,49198,spain,745,4,0.0,0.78,done,exact_duplicate_copy,,,,,,,,,
260243,159910,2024-03-02,58057,AT,961,2,259.4,8.3,DONE,exact_duplicate_copy,,,,,,,,,
260244,6160,2020-09-17,37661,sweden,789,3,105.25,10.15,DONE,exact_duplicate_copy,,,,,,,,,
260245,171683,30-04-2023,1302,DE,393,5,301.26,0.0,done,exact_duplicate_copy,,,,,,,,,
260246,74136,2019/12/04,39225,Netherlands,1572,1,269.75,19.61,COMPLETED,exact_duplicate_copy,,,,,,,,,
260247,93026,2016.05.19,16707,Sweden,2423,1,248.39,31.41,SHIP,exact_duplicate_copy,,,,,,,,,
260248,60640,2021-02-24,31160,ES,1502,3,90.27,,complete,exact_duplicate_copy,,,,,,,,,
260249,34329,2020-11-25,33944,France,1131,3,135.11,9.71,SHIP,exact_duplicate_copy,,,,,,,,,
260250,165381,2021-03-12,18399,Netherlands,2168,2,132.11,0.0,CANCELLED,exact_duplicate_copy,,,,,,,,,
260251,249289,2023.11.03,47458,France,1233,4,134.94,25.05,complete,exact_duplicate_copy,,,,,,,,,
260252,129082,2022-09-22,15890,italy,15,5,176.76,15.34,Completed,exact_duplicate_copy,,,,,,,,,
260253,45214,2015/06/07,13933,czechia,553,5,132.1,23.08,completed,exact_duplicate_copy,,,,,,,,,
260254,120515,2019/09/09,52836,netherlands,1420,4,62.02,18.27,SHIP,exact_duplicate_copy,,,,,,,,,
260255,39070,2018-11-30,48051,Slovakia,2249,2,199.44,7.45,Done,exact_duplicate_copy,,,,,,,,,
260256,147400,2020-12-11,11568,pl,1169,4,85.34,1.15,done,exact_duplicate_copy,,,,,,,,,
260257,16253,2023/12/21,19109,spain,387,2,238.43,14.33,Completed,exact_duplicate_copy,,,,,,,,,
260258,142941,2017-07-25,57802,France,155,4,95.54,10.8,Completed,exact_duplicate_copy,,,,,,,,,
260259,54343,2015/04/07,23886,Netherlands,2070,4,80.97,,SHIP,exact_duplicate_copy,,,,,,,,,
260260,46348,2023.10.24,19362,ES,1883,1,291.43,18.38,shipped,exact_duplicate_copy,,,,,,,,,
260261,8997,2019-01-31,15686,Czechia,7,1,240.05,9.84,done,exact_duplicate_copy,,,,,,,,,
260262,65407,2015-02-05,51892,spain,2014,2,119.05,2.68,done,exact_duplicate_copy,,,,,,,,,
260263,177970,2024-12-23,8959,pl,495,3,326.13,16.22,done,exact_duplicate_copy,,,,,,,,,
260264,217807,2021/12/30,52463,SE,536,3,366.89,2.3,DONE,exact_duplicate_copy,,,,,,,,,
260265,84030,2017-10-22,10528,Holland,925,4,175.25,7.68,complete,exact_duplicate_copy,,,,,,,,,
260266,56552,2019-10-27,22698,AT,1983,4,164.75,10%,CANCELLED,exact_duplicate_copy,,,,,,,,,
260267,58363,2016-03-21,14711,SLOVAKIA,2198,5,127.52,9.29,Done,exact_duplicate_copy,,,,,,,,,
260268,203982,07-08-2015,33626,Deutschland,687,2,96.61,0.0,shipped,exact_duplicate_copy,,,,,,,,,
260269,193692,2018/04/09,52538,Holland,2308,2,139.41,3.21,Done,exact_duplicate_copy,,,,,,,,,
260270,31220,02-12-2018,43567,Spain,1711,2,216.5,27.71,COMPLETED,exact_duplicate_copy,,,,,,,,,
260271,45741,2023-06-28,20773,france,253,3,253.04,,done,exact_duplicate_copy,,,,,,,,,
260272,250804,2018-12-01,601,sweden,1689,7,104.21,0.0,Completed,exact_duplicate_copy,,,,,,,,,
260273,118147,2020-10-04,16026,FR,999,1,154.78,11.08,Shipped,exact_duplicate_copy,,,,,,,,,
260274,168521,2019-09-03,56506,AT,716,1,250.55,0.0,completed,exact_duplicate_copy,,,,,,,,,
260275,239897,2024/06/24,31977,SE,1246,3,174.51,,shipped,exact_duplicate_copy,,,,,,,,,
260276,44050,27-03-2020,15068,germany,2219,1,309.7,11.97,DONE,exact_duplicate_copy,,,,,,,,,
260277,159035,2022-04-15,40144,SE,1814,3,130.47,12.77,SHIP,exact_duplicate_copy,,,,,,,,,
260278,237634,2024/09/22,17136,pl,988,2,238.69,17.39,Shipped,exact_duplicate_copy,,,,,,,,,
260279,216663,2021-10-13,55024,netherlands,1611,3,369.84,15.53,Shipped,exact_duplicate_copy,,,,,,,,,
260280,205404,2017-04-17,6045,Netherlands,565,3,226.48,0.0,complete,exact_duplicate_copy,,,,,,,,,
260281,180367,17-04-2021,22056,Sweden,698,2,130.05,9.11,Done,exact_duplicate_copy,,,,,,,,,
260282,147494,2015-06-06,6959,GER,1061,4,223.27,6.22,complete,exact_duplicate_copy,,,,,,,,,
260283,178053,2022-10-08,13596,SK,624,6,61.33,0.0,COMPLETED,exact_duplicate_copy,,,,,,,,,
260284,15536,2017/09/20,19412,GER,1378,4,249.23,0.0,COMPLETED,exact_duplicate_copy,,,,,,,,,
260285,253023,2019-03-27,11371,Deutschland,1167,2,172.29,12.79,CANCELLED,exact_duplicate_copy,,,,,,,,,
260286,147312,2021/12/16,44595,DE,1339,608,354.82,23.31,completed,exact_duplicate_copy,,,,,,,,,
260287,46473,2021-12-29,4899,France,2245,2,374.86,17.03,Shipped,exact_duplicate_copy,,,,,,,,,
260288,23013,25/12/2015,25839,CZ,920,3,189.22,22.07,complete,exact_duplicate_copy,,,,,,,,,
260289,21704,2016-12-28,28986,SK,1584,4,99.66,17.99,Completed,exact_duplicate_copy,,,,,,,,,
260290,148052,2017-01-29,35380,Spain,1906,4,110.59,9.69,Done,exact_duplicate_copy,,,,,,,,,
260291,112560,2022-08-06,37823,Italy,1258,4,93.95,19.73,Done,exact_duplicate_copy,,,,,,,,,
260292,49837,2018-12-31,35765,Deutschland,544,2,288.25,9.79,shipped,exact_duplicate_copy,,,,,,,,,
260293,191381,2019-11-07,54529,Polska,1216,5,285.23,14.3,Shipped,exact_duplicate_copy,,,,,,,,,
260294,95102,2020-06-05,49311,ES,2493,5,203.68,10.97,SHIP,exact_duplicate_copy,,,,,,,,,
260295,91444,2016/08/06,30064,Spain,710,2,83.42,14.27,completed,exact_duplicate_copy,,,,,,,,,
260296,236818,2022/09/06,45362,Germany,384,1,325.39,16.6,Completed,exact_duplicate_copy,,,,,,,,,
260297,259868,2021-01-17,31460,ES,1347,5,139.12,15.45,completed,exact_duplicate_copy,,,,,,,,,
260298,78185,2016/04/19,29536,Holland,88,2,180.21,10.24,COMPLETED,exact_duplicate_copy,,,,,,,,,
260299,107450,2024-07-11,7102,IT,2465,1,108.6,8.02,Shipped,exact_duplicate_copy,,,,,,,,,
260300,96587,2021-12-05,16261,Czech Republic,1451,2,162.45,20.83,done,exact_duplicate_copy,,,,,,,,,
260301,255725,2024/06/15,39592,france,2098,2,116.94,20.71,DONE,exact_duplicate_copy,,,,,,,,,
260302,232493,2019-10-19,870,France,743,2,263.26,13.85,done,exact_duplicate_copy,,,,,,,,,
260303,71423,2024-07-14,46400,SK,2206,1,347.84,19.26,Done,exact_duplicate_copy,,,,,,,,,
260304,155585,2021/08/20,45726,Sweden,1006,3,150.09,3.47,Completed,exact_duplicate_copy,,,,,,,,,
260305,4830,2020-12-20,53073,Deutschland,353,2,241.21,21.51,done,exact_duplicate_copy,,,,,,,,,
260306,190856,2024-12-01,42757,france,1662,4,302.11,,complete,exact_duplicate_copy,,,,,,,,,
260307,111009,07/03/2023,42412,Holland,296,2,159.06,0.0,Completed,exact_duplicate_copy,,,,,,,,,
260308,174552,2024.05.14,48306,netherlands,2366,2,212.68,3.97,Completed,exact_duplicate_copy,,,,,,,,,
260309,23256,2018-11-30,51061,germany,34,5,90.18,0.0,Shipped,exact_duplicate_copy,,,,,,,,,
260310,186249,2015-07-31,34397,italy,41,3,176.13,20.93,Shipped,exact_duplicate_copy,,,,,,,,,
260311,35773,2016-12-18,31131,IT,1937,4,199.48,4.36,Completed,exact_duplicate_copy,,,,,,,,,
260312,111908,09-12-2015,9314,Austria,2318,2,103.29,0.0,complete,exact_duplicate_copy,,,,,,,,,
260313,105418,2018-05-19,49159,netherlands,2068,2,103.38,0.0,COMPLETED,exact_duplicate_copy,,,,,,,,,
260314,139498,2021-07-10,48296,IT,2048,3,81.78,19.32,done,exact_duplicate_copy,,,,,,,,,
260315,14982,2020-12-26,56047,austria,696,2,332.55,13.52,shipped,exact_duplicate_copy,,,,,,,,,
260316,23390,2018-04-03,27474,Spain,1796,3,169.5,10%,DONE,exact_duplicate_copy,,,,,,,,,
260317,132553,08-06-2021,33255,Italy,1246,4,154.85,31.55,COMPLETED,exact_duplicate_copy,,,,,,,,,
260318,243307,2022/05/10,46995,PL,1772,2,210.41,6.38,Completed,exact_duplicate_copy,,,,,,,,,
260319,227120,2023-06-19,870,germany,1860,1,283.01,13.53,Completed,exact_duplicate_copy,,,,,,,,,
260320,109205,2019-04-02,43906,SK,1282,4,321.9,16.25,completed,exact_duplicate_copy,,,,,,,,,
260321,149783,2017/04/23,57506,sweden,1663,4,317.63,0.0,done,exact_duplicate_copy,,,,,,,,,
260322,16259,16-06-2017,57506,Czech Republic,2149,1,134.62,20.52,SHIP,exact_duplicate_copy,,,,,,,,,
260323,240843,2023-04-19,3301,POL,2214,2,165.06,30.25,SHIP,exact_duplicate_copy,,,,,,,,,
260324,135011,2022-08-20,46234,pl,2297,3,227.99,18.48,Shipped,exact_duplicate_copy,,,,,,,,,
260325,169686,2015-12-02,11918,austria,1578,1,142.12,0.0,done,exact_duplicate_copy,,,,,,,,,
260326,125876,2017-04-22,12809,Poland,1896,4,152.13,26.73,done,exact_duplicate_copy,,,,,,,,,
260327,146010,2021/02/24,30228,Sweden,223,3,323.77,3.7,Completed,exact_duplicate_copy,,,,,,,,,
260328,220572,04-08-2017,5258,ES,169,2,90.76,5.38,Completed,exact_duplicate_copy,,,,,,,,,
260329,80193,2017-04-05,22047,Spain,100,3,157.69,26.54,Shipped,exact_duplicate_copy,,,,,,,,,
260330,140285,16-05-2021,41742,GER,1974,2,252.89,11.7,SHIP,exact_duplicate_copy,,,,,,,,,
260331,156307,2021-08-03,4496,germany,334,5,103.9,2.44,Shipped,exact_duplicate_copy,,,,,,,,,
260332,184460,03-10-2024,15167,france,2314,2,202.54,12.89,Completed,exact_duplicate_copy,,,,,,,,,
260333,153027,2016/11/02,28877,Slovakia,2430,4,128.04,22.3,shipped,exact_duplicate_copy,,,,,,,,,
260334,127866,2023/04/02,23364,France,265,5,155.85,1.44,Done,exact_duplicate_copy,,,,,,,,,
260335,4429,2020.11.22,54680,Czechia,493,3,291.67,16.99,shipped,exact_duplicate_copy,,,,,,,,,
260336,218046,2024-11-16,45694,italy,759,4,323.36,19.15,completed,exact_duplicate_copy,,,,,,,,,
260337,11836,2015-06-22,42105,Polska,518,3,160.19,7.93,Shipped,exact_duplicate_copy,,,,,,,,,
260338,200076,2022-10-29,6364,AT,2331,2,178.76,15.29,COMPLETED,exact_duplicate_copy,,,,,,,,,
260339,12699,06-05-2020,18495,FR,2088,2,147.49,,Shipped,exact_duplicate_copy,,,,,,,,,
260340,49049,31-01-2022,28646,italy,824,4,206.65,17.57,SHIP,exact_duplicate_copy,,,,,,,,,
260341,57612,16-12-2015,24149,SLOVAKIA,620,6,193.58,5.47,Completed,exact_duplicate_copy,,,,,,,,,
260342,219666,2016-11-05,34486,italy,293,2,201.29,2.11,Done,exact_duplicate_copy,,,,,,,,,
260343,119412,2016-07-03,8939,SK,1829,4,264.55,0.0,Shipped,exact_duplicate_copy,,,,,,,,,
260344,75567,2024-02-20,9110,FR,1228,4,75.77,10.21,completed,exact_duplicate_copy,,,,,,,,,
260345,34789,2015.03.02,15400,PL,164,5,52.16,28.13,done,exact_duplicate_copy,,,,,,,,,
260346,94807,2024-08-14,32893,france,1959,2,365.25,11.33,done,exact_duplicate_copy,,,,,,,,,
260347,154523,2019-06-16,17443,SLOVAKIA,1676,5,149.13,12.46,completed,exact_duplicate_copy,,,,,,,,,
260348,151053,30-11-2020,55659,spain,131,3,93.01,0.0,complete,exact_duplicate_copy,,,,,,,,,
260349,158072,2024.04.04,1885,IT,971,3,233.05,3.15,done,exact_duplicate_copy,,,,,,,,,
260350,251264,2017-08-13,35798,italy,1936,2,267.59,14.4,completed,exact_duplicate_copy,,,,,,,,,
260351,136511,2024/10/03,26569,ES,442,4,235.2,0.0,done,exact_duplicate_copy,,,,,,,,,
260352,22395,2023.12.16,46370,france,1904,1,127.04,13.39,Completed,exact_duplicate_copy,,,,,,,,,
260353,44128,2017-10-25,31872,IT,1561,6,164.91,,complete,exact_duplicate_copy,,,,,,,,,
260354,227622,2016-11-04,42748,Slovakia,1619,1,192.04,4.04,completed,exact_duplicate_copy,,,,,,,,,
260355,168744,2017-12-07,21000,SE,2068,2,112.12,0.0,complete,exact_duplicate_copy,,,,,,,,,
260356,179340,2017-07-05,57980,SLOVAKIA,1963,7,224.72,,Completed,exact_duplicate_copy,,,,,,,,,
260357,21200,2021/02/03,56398,NL,2438,1,225.42,20.41,COMPLETED,exact_duplicate_copy,,,,,,,,,
260358,184095,2015-05-17,25002,SLOVAKIA,2175,4,100.67,8.81,Done,exact_duplicate_copy,,,,,,,,,
260359,70791,2024-02-10,20557,SE,1497,3,88.79,11.78,SHIP,exact_duplicate_copy,,,,,,,,,
260360,64068,2016/05/25,41229,SE,2375,2,190.68,8.19,done,exact_duplicate_copy,,,,,,,,,
260361,22735,2018/04/13,48810,sweden,1625,5,107.48,1.88,complete,exact_duplicate_copy,,,,,,,,,
260362,96284,10-12-2023,17995,AT,1626,5,160.98,4.97,CANCELLED,exact_duplicate_copy,,,,,,,,,
260363,61688,09/08/2016,6156,Slovakia,1770,6,218.23,6.14,complete,exact_duplicate_copy,,,,,,,,,
260364,13659,24-06-2022,16280,Czech Republic,156,1,340.62,7.77,DONE,exact_duplicate_copy,,,,,,,,,
260365,109521,2023-09-12,32243,Poland,2404,3,121.35,0.0,Completed,exact_duplicate_copy,,,,,,,,,
260366,235279,2016/03/20,29213,Italy,613,4,213.62,6.32,COMPLETED,exact_duplicate_copy,,,,,,,,,
260367,107560,2017-06-14,17297,SE,1774,2,142.12,,done,exact_duplicate_copy,,,,,,,,,
260368,160767,2020/11/11,38876,czechia,1028,4,156.1,27.71,complete,exact_duplicate_copy,,,,,,,,,
260369,224394,2021-12-14,16894,italy,1759,3,213.6,13.03,shipped,exact_duplicate_copy,,,,,,,,,
260370,192222,16-11-2017,57551,Austria,617,2,357.3,17.44,CANCELLED,exact_duplicate_copy,,,,,,,,,
260371,68324,2015-04-30,57399,Italy,89,3,201.71,25.36,complete,exact_duplicate_copy,,,,,,,,,
260372,64976,2023-07-02,23826,NL,2346,6,49.55,2.01,completed,exact_duplicate_copy,,,,,,,,,
260373,83463,2022-07-02,44399,Italy,1443,6,154.34,13.23,done,exact_duplicate_copy,,,,,,,,,
260374,141801,2016-10-25,4991,SE,139,1,193.92,,Completed,exact_duplicate_copy,,,,,,,,,
260375,68916,2019.11.13,13358,sweden,1082,4,108.71,,Completed,exact_duplicate_copy,,,,,,,,,
260376,155928,19-07-2016,56330,GER,1139,3,224.81,11.86,done,exact_duplicate_copy,,,,,,,,,
260377,131943,2021/10/01,411,CZ,1196,4,354.01,15.52,Shipped,exact_duplicate_copy,,,,,,,,,
260378,78954,22/12/2019,38913,Netherlands,2231,4,309.66,24.95,DONE,exact_duplicate_copy,,,,,,,,,
260379,53633,19-07-2021,37706,sweden,2373,5,289.69,22.16,Done,exact_duplicate_copy,,,,,,,,,
260380,126238,2020-09-07,1999,sweden,1438,5,406.82,,done,exact_duplicate_copy,,,,,,,,,
260381,142344,2020-10-24,43358,Czech Republic,2268,1,216.87,,CANCELLED,exact_duplicate_copy,,,,,,,,,
260382,81377,2019/06/25,31938,Spain,308,3,116.93,14.92,DONE,exact_duplicate_copy,,,,,,,,,
260383,40603,2020-02-22,23326,Germany,1925,2,112.61,,done,exact_duplicate_copy,,,,,,,,,
260384,134295,2024-12-14,4423,Germany,119,2,0.0,1.81,COMPLETED,exact_duplicate_copy,,,,,,,,,
260385,183231,2024-11-15,30468,Spain,461,1,394.15,,complete,exact_duplicate_copy,,,,,,,,,
260386,73951,2017/01/12,18574,austria,1736,2,247.56,,complete,exact_duplicate_copy,,,,,,,,,
260387,168714,2016-10-27,8896,AT,1800,6,92.25,6.12,complete,exact_duplicate_copy,,,,,,,,,
260388,98542,2017-11-05,12564,ES,1024,2,161.01,9.79,DONE,exact_duplicate_copy,,,,,,,,,
260389,82280,2024/11/24,17765,FR,1999,3,220.39,16.73,Done,exact_duplicate_copy,,,,,,,,,
260390,192939,2019-12-04,11521,Slovakia,1211,3,238.07,20.66,DONE,exact_duplicate_copy,,,,,,,,,
260391,74937,2023-04-04,56029,sweden,322,5,363.41,18.48,COMPLETED,exact_duplicate_copy,,,,,,,,,
260392,57334,2018-10-06,37633,Czech,97,4,148.71,16.45,completed,exact_duplicate_copy,,,,,,,,,
260393,17219,2017/10/08,47125,POL,40,8,198.1,32.97,Shipped,exact_duplicate_copy,,,,,,,,,
260394,97806,2017-04-22,24544,Netherlands,2324,2,329.92,5.96,Shipped,exact_duplicate_copy,,,,,,,,,
260395,132769,2023-02-26,14236,CZ,1114,1,160.41,14.78,COMPLETED,exact_duplicate_copy,,,,,,,,,
260396,215099,30-08-2020,10480,Austria,1898,4,134.92,4.44,done,exact_duplicate_copy,,,,,,,,,
260397,100645,2022/12/31,59631,Czech Republic,88,1,213.72,,DONE,exact_duplicate_copy,,,,,,,,,
260398,176427,2020-06-03,19476,SK,2414,3,227.42,16.44,completed,exact_duplicate_copy,,,,,,,,,
260399,126759,2021.10.08,36338,Italy,2062,2,83.49,11.04,COMPLETED,exact_duplicate_copy,,,,,,,,,
260400,42297,2017-10-03,6645,PL,1992,2,130.33,5.24,Shipped,exact_duplicate_copy,,,,,,,,,
260401,208944,19-10-2018,22294,Spain,1142,4,165.04,13.69,Completed,exact_duplicate_copy,,,,,,,,,
260402,100688,28-05-2016,3792,italy,1996,2,86.91,0.0,shipped,exact_duplicate_copy,,,,,,,,,
260403,5938,09-12-2021,49916,IT,740,5,120.15,10.61,shipped,exact_duplicate_copy,,,,,,,,,
260404,224201,2015-10-05,41390,italy,1596,2,168.48,12.33,DONE,exact_duplicate_copy,,,,,,,,,
260405,4843,2019-11-24,11299,NL,2035,5,159.75,16.3,DONE,exact_duplicate_copy,,,,,,,,,
260406,44420,2024-02-12,49964,DE,1581,5,159.09,12.99,complete,exact_duplicate_copy,,,,,,,,,
260407,133578,2018-04-12,48556,Holland,2031,2,121.88,17.99,SHIP,exact_duplicate_copy,,,,,,,,,
260408,73899,2021-01-19,7625,spain,1846,4,129.36,16.81,Done,exact_duplicate_copy,,,,,,,,,
260409,170045,2018-10-17,16111,Czech Republic,1248,2,60.21,1.54,done,exact_duplicate_copy,,,,,,,,,
260410,215578,2019-12-06,36474,sweden,2032,3,147.73,19.02,complete,exact_duplicate_copy,,,,,,,,,
260411,90466,2017/12/17,44122,Czech Republic,47,6,145.82,0.0,Completed,exact_duplicate_copy,,,,,,,,,
260412,221511,2021-12-18,54171,italy,871,7,98.73,24.61,DONE,exact_duplicate_copy,,,,,,,,,
260413,6947,2023.07.17,24859,AT,60,5,333.69,10.41,Completed,exact_duplicate_copy,,,,,,,,,
260414,178371,2015-08-10,52073,Netherlands,836,2,283.81,19.62,complete,exact_duplicate_copy,,,,,,,,,
260415,171769,10-09-2021,7080,ES,772,2,199.36,10.76,shipped,exact_duplicate_copy,,,,,,,,,
260416,224292,2019/12/08,34783,AT,588,4,243.23,33.24,DONE,exact_duplicate_copy,,,,,,,,,
260417,119166,2019-10-30,30296,pl,980,4,124.85,0.0,completed,exact_duplicate_copy,,,,,,,,,
260418,22402,2024/02/15,47695,Czechia,1307,3,184.79,11.62,Shipped,exact_duplicate_copy,,,,,,,,,
260419,145766,2023-06-27,39535,Spain,1993,5,149.47,18.13,Completed,exact_duplicate_copy,,,,,,,,,
260420,134908,2015/07/04,50409,czechia,1850,2,171.87,17.05,shipped,exact_duplicate_copy,,,,,,,,,
260421,217100,2021-12-03,14419,FR,1301,3,187.41,20.97,complete,exact_duplicate_copy,,,,,,,,,
260422,53448,2019-12-30,55142,Polska,2178,6,128.49,,shipped,exact_duplicate_copy,,,,,,,,,
260423,230922,2020-11-21,12222,netherlands,811,4,207.84,35.79,DONE,exact_duplicate_copy,,,,,,,,,
260424,37219,2023-12-04,40643,germany,1978,4,209.23,20.91,complete,exact_duplicate_copy,,,,,,,,,
260425,132747,2017-06-18,21175,pl,802,3,118.4,23.38,done,exact_duplicate_copy,,,,,,,,,
260426,65487,2022-07-13,16077,AT,165,3,62.34,12.28,SHIP,exact_duplicate_copy,,,,,,,,,
260427,171794,2022-11-13,55048,netherlands,1749,5,183.11,,done,exact_duplicate_copy,,,,,,,,,
260428,219946,2020-09-18,56711,Sweden,2008,4,223.39,18.33,CANCELLED,exact_duplicate_copy,,,,,,,,,
260429,182832,18-08-2015,4845,sweden,964,2,166.22,14.51,complete,exact_duplicate_copy,,,,,,,,,
260430,19275,2016-12-18,54617,Holland,2285,0,237.33,34.46,Completed,exact_duplicate_copy,,,,,,,,,
260431,57904,2017-11-25,18395,poland,872,3,157.35,6.03,Shipped,exact_duplicate_copy,,,,,,,,,
260432,9653,2018/04/15,799,france,425,1,40.95,2.76,done,exact_duplicate_copy,,,,,,,,,
260433,76597,2015/04/22,40844,Spain,519,2,77.69,28.01,done,exact_duplicate_copy,,,,,,,,,
260434,57672,18-11-2015,45965,ES,378,3,158.52,13.81,Shipped,exact_duplicate_copy,,,,,,,,,
260435,52004,2016-03-07,25616,France,1326,1,133.1,17.03,shipped,exact_duplicate_copy,,,,,,,,,
260436,14478,2024-11-04,42652,IT,1692,0,143.48,4.18,COMPLETED,exact_duplicate_copy,,,,,,,,,
260437,250040,02-07-2019,22227,Polska,1714,3,306.28,15.68,complete,exact_duplicate_copy,,,,,,,,,
260438,48282,2024.06.21,31814,AT,2086,3,380.14,6.2,shipped,exact_duplicate_copy,,,,,,,,,
260439,5579,04/06/2024,32676,Austria,953,4,130.71,0.0,COMPLETED,exact_duplicate_copy,,,,,,,,,
260440,144208,2023-12-04,40312,ES,2128,1,406.45,11.69,complete,exact_duplicate_copy,,,,,,,,,
260441,23286,2022-08-04,25390,austria,139,3,213.12,17.03,Done,exact_duplicate_copy,,,,,,,,,
260442,140261,30-04-2020,21367,Sweden,1725,1,150.04,30.85,done,exact_duplicate_copy,,,,,,,,,
260443,178064,17/01/2021,27070,Austria,2209,3,240.42,12.59,Shipped,exact_duplicate_copy,,,,,,,,,
260444,112751,2017-12-29,20925,ES,1789,1,122.4,9.27,shipped,exact_duplicate_copy,,,,,,,,,
260445,79587,2024-01-01,34876,Spain,1460,4,193.84,0.0,done,exact_duplicate_copy,,,,,,,,,
260446,162779,18-11-2020,6057,Sweden,494,3,181.68,24.42,done,exact_duplicate_copy,,,,,,,,,
260447,131749,2018-06-11,21480,France,1264,1,117.99,19.22,Shipped,exact_duplicate_copy,,,,,,,,,
260448,111806,2020/10/12,32753,germany,1884,3,81.49,23.09,COMPLETED,exact_duplicate_copy,,,,,,,,,
260449,14173,25-11-2018,22592,Polska,872,3,158.09,25.51,shipped,exact_duplicate_copy,,,,,,,,,
260450,66524,2021-12-20,3455,france,1364,3,226.05,5.81,done,exact_duplicate_copy,,,,,,,,,
260451,82906,2017-03-04,46089,Spain,1663,2,296.58,16.09,shipped,exact_duplicate_copy,,,,,,,,,
260452,144542,06-09-2024,2123,FR,1789,2,163.88,5.43,done,exact_duplicate_copy,,,,,,,,,
260453,247754,2020-03-13,8452,Deutschland,2174,4,255.11,9.14,DONE,exact_duplicate_copy,,,,,,,,,
260454,123535,2019-11-12,26632,Spain,1458,6,102.22,,DONE,exact_duplicate_copy,,,,,,,,,
260455,150093,2019.07.09,39766,germany,631,3,203.46,19.91,done,exact_duplicate_copy,,,,,,,,,
260456,112458,2024-07-14,48465,Italy,1508,4,91.92,5.48,done,exact_duplicate_copy,,,,,,,,,
260457,46717,2019/07/09,52136,France,258,1,285.3,0.0,COMPLETED,exact_duplicate_copy,,,,,,,,,
260458,91274,2016.09.03,35246,AT,1089,5,208.03,27.14,done,exact_duplicate_copy,,,,,,,,,
260459,102475,2020-11-19,5470,POL,1266,4,249.65,9.15,SHIP,exact_duplicate_copy,,,,,,,,,
260460,251324,2021-02-16,46319,FR,234,7,274.31,,Shipped,exact_duplicate_copy,,,,,,,,,
260461,98143,2023-12-27,5672,Spain,187,3,232.25,,complete,exact_duplicate_copy,,,,,,,,,
260462,158819,2016-05-30,55050,GER,1889,1,208.58,14.42,Shipped,exact_duplicate_copy,,,,,,,,,
260463,78039,2016-10-09,35400,france,2047,2,70.43,,COMPLETED,exact_duplicate_copy,,,,,,,,,
260464,25573,27-04-2016,51816,sweden,1880,3,169.93,,complete,exact_duplicate_copy,,,,,,,,,
260465,150153,2024/07/21,37100,sweden,2422,1,246.61,29.0,DONE,exact_duplicate_copy,,,,,,,,,
260466,135810,2023/09/10,53349,DE,567,3,178.38,23.31,Shipped,exact_duplicate_copy,,,,,,,,,
260467,170181,2019-03-25,47036,Netherlands,2188,4,120.6,0.0,completed,exact_duplicate_copy,,,,,,,,,
260468,258759,2019/05/21,840,Slovakia,169,2,88.05,4.24,DONE,exact_duplicate_copy,,,,,,,,,
260469,202037,2023/11/05,45394,SLOVAKIA,1507,4,160.97,,Completed,exact_duplicate_copy,,,,,,,,,
260470,128667,2021-07-31,59818,slovak,959,5,95.32,2.39,CANCELLED,exact_duplicate_copy,,,,,,,,,
260471,193271,2021/05/27,9478,SLOVAKIA,357,3,285.3,14.03,DONE,exact_duplicate_copy,,,,,,,,,
260472,107885,2015-11-02,4766,AT,1567,2,126.27,2.4,COMPLETED,exact_duplicate_copy,,,,,,,,,
260473,140549,2018-10-07,41324,SK,1824,2,135.38,2.85,completed,exact_duplicate_copy,,,,,,,,,
260474,254333,15-08-2017,48830,SE,1323,5,123.08,24.88,shipped,exact_duplicate_copy,,,,,,,,,
260475,233958,2023.11.01,13295,Poland,1309,3,111.02,20.69,done,exact_duplicate_copy,,,,,,,,,
260476,128228,2016.11.06,51501,italy,2200,6,138.44,8.66,DONE,exact_duplicate_copy,,,,,,,,,
260477,153057,2017-05-14,19591,Czech,1828,5,164.48,0.37,Shipped,exact_duplicate_copy,,,,,,,,,
260478,247561,2020/09/23,57615,spain,2208,2,125.67,14.51,DONE,exact_duplicate_copy,,,,,,,,,
260479,75777,2023-02-21,50957,France,1187,6,166.38,10.15,COMPLETED,exact_duplicate_copy,,,,,,,,,
260480,25763,2017-01-22,24450,Slovakia,2454,3,84.69,0.0,Done,exact_duplicate_copy,,,,,,,,,
260481,128868,2017-10-07,8749,netherlands,907,1,120.74,,shipped,exact_duplicate_copy,,,,,,,,,
260482,253641,2022-10-01,59622,austria,1636,4,134.93,19.18,DONE,exact_duplicate_copy,,,,,,,,,
260483,151999,2019-11-13,58536,FR,1749,2,166.46,5.94,shipped,exact_duplicate_copy,,,,,,,,,
260484,250435,2024.05.06,41758,poland,872,5,164.9,11.98,SHIP,exact_duplicate_copy,,,,,,,,,
260485,86768,2024-06-17,18406,pl,719,1,219.8,30.72,DONE,exact_duplicate_copy,,,,,,,,,
260486,229539,2016-12-31,36410,Czech,2281,4,238.62,3.36,Done,exact_duplicate_copy,,,,,,,,,
260487,164462,2016-05-16,30907,Italy,414,5,145.91,8.03,done,exact_duplicate_copy,,,,,,,,,
260488,163796,2018/01/17,21393,spain,2218,2,89.79,5.75,Completed,exact_duplicate_copy,,,,,,,,,
260489,195532,2022-10-29,22026,NL,1141,4,133.67,0.0,DONE,exact_duplicate_copy,,,,,,,,,
260490,120874,2016-02-02,40337,Austria,189,2,210.09,7.42,Shipped,exact_duplicate_copy,,,,,,,,,
260491,163649,2022-06-03,46644,SE,134,2,166.6,21.3,COMPLETED,exact_duplicate_copy,,,,,,,,,
260492,209376,2019-12-17,13259,netherlands,2413,2,141.17,22.92,CANCELLED,exact_duplicate_copy,,,,,,,,,
260493,225700,2018/05/11,50736,Sweden,2035,2,169.66,23.92,Shipped,exact_duplicate_copy,,,,,,,,,
260494,5307,2016-02-08,51469,Italy,551,1,66.69,,shipped,exact_duplicate_copy,,,,,,,,,
260495,76330,2017-04-25,27866,Italy,29,3,63.42,,complete,exact_duplicate_copy,,,,,,,,,
260496,182807,30-10-2018,55539,ES,1263,1,98.33,4.81,completed,exact_duplicate_copy,,,,,,,,,
260497,200574,2021-08-29,25341,slovak,1215,2,229.83,1.7,done,exact_duplicate_copy,,,,,,,,,
260498,206812,2021-12-17,38166,Spain,1756,3,98.94,3.7,DONE,exact_duplicate_copy,,,,,,,,,
260499,163119,2016-06-11,29691,Czech Republic,2242,3,136.95,23.17,Completed,exact_duplicate_copy,,,,,,,,,
260500,144013,2015-05,30771,DE,1981,2,187.81,1.5,shipped,exact_duplicate_copy,,,,,,,,,
260501,237940,2024/11/23,6412,slovak,1925,3,131.69,16.29,shipped,exact_duplicate_copy,,,,,,,,,
260502,63160,18-12-2018,14233,ES,2422,5,238.87,13.96,Done,exact_duplicate_copy,,,,,,,,,
260503,251191,2024-06-05,1344,Polska,2074,2,114.96,18.06,Shipped,exact_duplicate_copy,,,,,,,,,
260504,233113,2021-06-25,989,czechia,1497,3,83.74,2.66,done,exact_duplicate_copy,,,,,,,,,
260505,185784,2016/04/10,32974,PL,792,2,100.13,21.75,DONE,exact_duplicate_copy,,,,,,,,,
260506,168039,2024/06/14,5457,netherlands,852,4,167.86,14.96,Done,exact_duplicate_copy,,,,,,,,,
260507,223241,27-07-2021,35262,CZ,2079,4,278.38,0.42,Shipped,exact_duplicate_copy,,,,,,,,,
260508,164963,2020-09-24,50543,Czechia,96,4,204.83,17.14,DONE,exact_duplicate_copy,,,,,,,,,
260509,68346,2015-07-08,46215,AT,1367,2,108.69,40.52,done,exact_duplicate_copy,,,,,,,,,
260510,156051,2017-04-03,58975,Czech Republic,1683,5,175.16,18.3,SHIP,exact_duplicate_copy,,,,,,,,,
260511,181603,2015/10/30,6234,austria,515,3,97.76,15.52,CANCELLED,exact_duplicate_copy,,,,,,,,,
260512,257214,2023-06-02,33175,italy,1188,3,111.93,1.33,complete,exact_duplicate_copy,,,,,,,,,
260513,98512,2015-12-15,8767,slovak,2102,4,293.34,10.3,SHIP,exact_duplicate_copy,,,,,,,,,
260514,243190,2017/07/15,5300,pl,1726,4,262.43,,CANCELLED,exact_duplicate_copy,,,,,,,,,
260515,108939,2016-06-12,26958,SLOVAKIA,1580,4,188.37,23.49,Completed,exact_duplicate_copy,,,,,,,,,
260516,228729,2017-12-22,41907,austria,474,1,163.78,7.84,completed,exact_duplicate_copy,,,,,,,,,
260517,119338,2019-08-15,5925,Czechia,1484,2,155.12,7.08,done,exact_duplicate_copy,,,,,,,,,
260518,221725,27-10-2017,37906,slovak,2430,2,152.63,2.85,Shipped,exact_duplicate_copy,,,,,,,,,
260519,92081,2017-01-10,13027,Czech,2191,2,32.7,0.0,Done,exact_duplicate_copy,,,,,,,,,
260520,215046,2020/09/18,26855,slovak,1244,5,139.87,9.45,complete,exact_duplicate_copy,,,,,,,,,
260521,60420,2017-04-02,16637,FR,2048,2,74.48,21.82,complete,exact_duplicate_copy,,,,,,,,,
260522,204258,2024-04-30,30846,slovak,361,3,234.1,20.07,done,exact_duplicate_copy,,,,,,,,,
260523,2172,2015/10/25,4032,spain,2292,5,214.63,3.02,completed,exact_duplicate_copy,,,,,,,,,
260524,73384,09-09-2015,26613,POL,2223,3,301.84,9.03,shipped,exact_duplicate_copy,,,,,,,,,
260525,244923,2021-11-18,45529,CZ,2412,7,200.55,13.98,completed,exact_duplicate_copy,,,,,,,,,
260526,135059,2022/01/28,54542,austria,504,2,174.97,10.54,DONE,exact_duplicate_copy,,,,,,,,,
260527,90341,2017-11-04,56402,Holland,272,4,199.03,10.66,Shipped,exact_duplicate_copy,,,,,,,,,
260528,70893,2019-04-24,24439,italy,1582,6,188.91,25.2,CANCELLED,exact_duplicate_copy,,,,,,,,,
260529,242511,2021.12.09,4135,SLOVAKIA,535,6,105.5,14.34,DONE,exact_duplicate_copy,,,,,,,,,
260530,1947,2024-08-25,21518,GER,17,2,118.27,13.77,COMPLETED,exact_duplicate_copy,,,,,,,,,
260531,162095,2018-04-18,30028,Spain,214,2,129.16,8.63,Shipped,exact_duplicate_copy,,,,,,,,,
260532,215644,2020/09/03,6552,IT,1392,3,110.04,0.0,Done,exact_duplicate_copy,,,,,,,,,
260533,25030,2020-05-16,27391,AT,75,1,262.9,15.64,Shipped,exact_duplicate_copy,,,,,,,,,
260534,53383,2021-11-11,20318,ES,1214,2,176.96,0.0,CANCELLED,exact_duplicate_copy,,,,,,,,,
260535,208723,2018-09-19,50139,ES,520,3,48.96,6.35,Done,exact_duplicate_copy,,,,,,,,,
260536,238430,2020-11-21,47934,Slovakia,416,4,293.32,8.07,Shipped,exact_duplicate_copy,,,,,,,,,
260537,229884,2015-10-11,33632,Spain,80,4,272.74,5.86,Completed,exact_duplicate_copy,,,,,,,,,
260538,259757,10-07-2022,50579,Holland,1665,3,124.28,12.96,complete,exact_duplicate_copy,,,,,,,,,
260539,215434,2015-10-23,21448,Holland,583,4,118.09,4.59,CANCELLED,exact_duplicate_copy,,,,,,,,,
260540,218403,2015-06-13,50578,SE,1928,3,237.85,7.01,Completed,exact_duplicate_copy,,,,,,,,,
260541,20888,2016-10-31,36715,PL,1876,2,176.67,19.29,complete,exact_duplicate_copy,,,,,,,,,
260542,93566,2020-10-31,24346,poland,2370,5,97.71,3.4,Done,exact_duplicate_copy,,,,,,,,,
260543,181,2020/08/12,43948,Czech Republic,1920,2,137.18,20.78,shipped,exact_duplicate_copy,,,,,,,,,
260544,254743,2018-11-29,16595,sweden,1848,4,125.47,12.37,SHIP,exact_duplicate_copy,,,,,,,,,
260545,232912,2022-03-20,7422,Netherlands,2488,5,210.63,15.09,Shipped,exact_duplicate_copy,,,,,,,,,
260546,249873,2022-03-10,10151,czechia,384,3,240.97,0.0,completed,exact_duplicate_copy,,,,,,,,,
260547,116541,2024-11-21,54250,Poland,1066,5,154.58,7.01,shipped,exact_duplicate_copy,,,,,,,,,
260548,249961,2018-09-20,32581,austria,676,2,198.28,5.4,Completed,exact_duplicate_copy,,,,,,,,,
260549,86780,2015/04/03,33298,SLOVAKIA,1898,1,116.0,14.91,Shipped,exact_duplicate_copy,,,,,,,,,
260550,39323,2018-03-09,41133,Sweden,440,3,162.68,18.08,Done,exact_duplicate_copy,,,,,,,,,
260551,130388,2023.08.27,48794,ES,1107,5,245.35,15.84,SHIP,exact_duplicate_copy,,,,,,,,,
260552,38879,2015/11/11,44779,Sweden,2249,2,195.7,,COMPLETED,exact_duplicate_copy,,,,,,,,,
260553,172655,2024-11-26,6772,sweden,2110,3,354.12,5.65,complete,exact_duplicate_copy,,,,,,,,,
260554,194658,2017-11-08,26411,italy,1317,3,272.1,15.02,Done,exact_duplicate_copy,,,,,,,,,
260555,229413,03-01-2018,46807,austria,1542,6,236.38,4.55,Done,exact_duplicate_copy,,,,,,,,,
260556,170752,2017-04-25,48341,SLOVAKIA,78,3,101.73,20.63,Done,exact_duplicate_copy,,,,,,,,,
260557,16941,2018/12/17,31381,sweden,1257,4,143.62,3.64,shipped,exact_duplicate_copy,,,,,,,,,
260558,185943,05/04/2023,30232,AT,2034,2,342.27,6.94,Completed,exact_duplicate_copy,,,,,,,,,
260559,34260,2020-10-18,29173,NL,529,5,137.62,17.15,shipped,exact_duplicate_copy,,,,,,,,,
260560,167897,31-07-2015,37814,POL,881,3,216.16,,CANCELLED,exact_duplicate_copy,,,,,,,,,
260561,101427,19-03-2019,14270,Deutschland,2101,2,47.96,19.31,Completed,exact_duplicate_copy,,,,,,,,,
260562,215424,2024-02-26,42202,AT,1574,4,143.42,10.51,Shipped,exact_duplicate_copy,,,,,,,,,
260563,151330,28-10-2024,52843,spain,756,2,125.27,10.43,complete,exact_duplicate_copy,,,,,,,,,
260564,172739,2019-09-01,47411,NL,896,7,271.11,21.7,done,exact_duplicate_copy,,,,,,,,,
260565,148076,2015-07-30,3785,Slovakia,848,1,151.64,6.05,shipped,exact_duplicate_copy,,,,,,,,,
260566,183930,12-05-2022,33235,france,785,5,94.69,3.34,shipped,exact_duplicate_copy,,,,,,,,,
260567,77518,2023-12-28,42202,Germany,296,5,141.61,14.72,DONE,exact_duplicate_copy,,,,,,,,,
260568,5090,2017/01/03,30250,Spain,1672,3,118.37,,DONE,exact_duplicate_copy,,,,,,,,,
260569,117295,03-05-2015,26520,AT,1722,4,148.61,0.0,DONE,exact_duplicate_copy,,,,,,,,,
260570,94499,2017.12.06,52955,POL,2105,1,188.23,14.87,Completed,exact_duplicate_copy,,,,,,,,,
260571,232478,2022-10-14,28937,spain,2031,4,118.7,18.02,COMPLETED,exact_duplicate_copy,,,,,,,,,
260572,158608,2017-12-25,9699,germany,391,3,284.01,13.46,Done,exact_duplicate_copy,,,,,,,,,
260573,90017,2021-06-26,2236,SK,545,6,183.77,18.69,SHIP,exact_duplicate_copy,,,,,,,,,
260574,53480,2017.05.26,23157,Czechia,157,3,229.09,13.44,CANCELLED,exact_duplicate_copy,,,,,,,,,
260575,131983,2020.04.24,38018,SLOVAKIA,2220,5,337.7,8.74,DONE,exact_duplicate_copy,,,,,,,,,
260576,85306,2023.02.25,32883,spain,2353,2,254.4,0.0,SHIP,exact_duplicate_copy,,,,,,,,,
260577,64246,2019-01-27,26333,Czech Republic,1773,6,342.44,17.29,completed,exact_duplicate_copy,,,,,,,,,
260578,17483,2017-12-12,26135,Sweden,186,4,68.8,0.8,shipped,exact_duplicate_copy,,,,,,,,,
260579,11725,2016/12/29,28717,AT,347,2,103.69,29.96,Shipped,exact_duplicate_copy,,,,,,,,,
260580,142573,2017-05-27,56400,Sweden,1555,4,102.35,0.0,Shipped,exact_duplicate_copy,,,,,,,,,
260581,38651,2022-10-08,48245,IT,799,5,207.26,,COMPLETED,exact_duplicate_copy,,,,,,,,,
260582,148916,2024-03-14,16203,spain,192,3,250.53,,completed,exact_duplicate_copy,,,,,,,,,
260583,210449,18-03-2015,50708,spain,1095,2,196.77,1.01,SHIP,exact_duplicate_copy,,,,,,,,,
260584,159310,2019-12-04,794,France,1925,5,118.83,0.0,COMPLETED,exact_duplicate_copy,,,,,,,,,
260585,143642,2023-08-19,57002,SE,2003,2,328.74,31.48,COMPLETED,exact_duplicate_copy,,,,,,,,,
260586,169457,2015-01-25,22730,Poland,1245,3,147.82,8.29,Done,exact_duplicate_copy,,,,,,,,,
260587,156895,11/05/2024,47416,austria,2451,5,175.65,5.7,CANCELLED,exact_duplicate_copy,,,,,,,,,
260588,43315,2019-12-29,11501,germany,1685,6,214.23,1.9,DONE,exact_duplicate_copy,,,,,,,,,
260589,61442,2024-08-18,19531,Polska,1513,4,259.4,2.74,done,exact_duplicate_copy,,,,,,,,,
260590,220210,2021-12-26,12750,Germany,2334,8,158.74,10.25,Completed,exact_duplicate_copy,,,,,,,,,
260591,52250,2023-02-21,45060,Germany,1893,3,153.46,9.88,Shipped,exact_duplicate_copy,,,,,,,,,
260592,60369,2020-11-05,16061,IT,2099,3,249.6,0.0,DONE,exact_duplicate_copy,,,,,,,,,
260593,90745,2018-06-28,32013,poland,1657,3,87.35,18.3,COMPLETED,exact_duplicate_copy,,,,,,,,,
260594,245988,2024-04-24,41201,Germany,1794,5,298.84,,CANCELLED,exact_duplicate_copy,,,,,,,,,
260595,143709,2020-12-04,49554,Poland,2263,4,158.33,1.82,done,exact_duplicate_copy,,,,,,,,,
260596,209711,2017/04/28,23703,IT,996,4,230.41,20.55,Done,exact_duplicate_copy,,,,,,,,,
260597,129676,2020/03/27,52061,SK,1229,6,155.54,,SHIP,exact_duplicate_copy,,,,,,,,,
260598,90740,2015-01-30,35411,Czech Republic,1561,3,105.46,14.73,CANCELLED,exact_duplicate_copy,,,,,,,,,
260599,109542,2023-12-25,30380,Sweden,1110,5,256.66,33.51,SHIP,exact_duplicate_copy,,,,,,,,,
260600,119513,23-01-2017,56255,austria,224,3,129.88,19.54,SHIP,exact_duplicate_copy,,,,,,,,,
260601,192683,2016.01.28,13407,Czech Republic,1836,1,72.02,3.09,COMPLETED,exact_duplicate_copy,,,,,,,,,
260602,233365,2021-11-04,37236,Italy,1913,2,212.39,23.39,Completed,exact_duplicate_copy,,,,,,,,,
260603,204405,2024/01/06,36240,Netherlands,808,4,317.8,,shipped,exact_duplicate_copy,,,,,,,,,
260604,10036,2024/06/20,27839,Czech,2107,2,242.83,9.24,SHIP,exact_duplicate_copy,,,,,,,,,
260605,58246,2021-03-15,48297,Czechia,2444,1,212.51,21.37,CANCELLED,exact_duplicate_copy,,,,,,,,,
260606,118937,2019-09-16,16383,SE,359,3,172.23,0.0,done,exact_duplicate_copy,,,,,,,,,
260607,89195,2016-12-25,14584,NL,25,6,190.65,14.68,Shipped,exact_duplicate_copy,,,,,,,,,
260608,192427,11-08-2022,33714,SE,2267,1,403.92,28.69,COMPLETED,exact_duplicate_copy,,,,,,,,,
260609,122436,2017/03/22,1136,SE,1849,3,108.85,26.97,CANCELLED,exact_duplicate_copy,,,,,,,,,
260610,192340,2024-11-25,8729,Slovakia,966,2,60.39,0.0,COMPLETED,exact_duplicate_copy,,,,,,,,,
260611,65118,2018-12-05,1626,DE,613,3,250.83,20.1,complete,exact_duplicate_copy,,,,,,,,,
260612,153081,2023/06/05,59457,Deutschland,1285,2,182.48,24.99,Done,exact_duplicate_copy,,,,,,,,,
260613,95361,08/09/2019,1521,Czech Republic,2105,3,180.43,12.23,Done,exact_duplicate_copy,,,,,,,,,
260614,79881,12-05-2018,56556,spain,2179,1,312.64,17.05,DONE,exact_duplicate_copy,,,,,,,,,
260615,153956,2020-09-24,20059,NL,1527,3,194.52,9.85,shipped,exact_duplicate_copy,,,,,,,,,
260616,52778,2022/11/18,56823,Spain,1496,1,120.32,,Done,exact_duplicate_copy,,,,,,,,,
260617,69767,2019-08-19,18701,sweden,23,3,253.19,10.79,shipped,exact_duplicate_copy,,,,,,,,,
260618,75130,2018-04-14,24300,NL,1177,2,177.89,0.0,Completed,exact_duplicate_copy,,,,,,,,,
260619,216554,05-11-2021,3826,Czech,1482,2,141.61,19.17,done,exact_duplicate_copy,,,,,,,,,
260620,586,2015-07-14,30922,GER,371,3,103.94,10.49,CANCELLED,exact_duplicate_copy,,,,,,,,,
260621,113181,2021-09-02,12706,czechia,1123,5,238.53,1.66,Done,exact_duplicate_copy,,,,,,,,,
260622,97620,2018/06/23,17233,italy,1344,5,86.04,20.34,COMPLETED,exact_duplicate_copy,,,,,,,,,
260623,81417,2018-01-08,20789,DE,1947,6,127.91,12.28,Completed,exact_duplicate_copy,,,,,,,,,
260624,89431,2018.10.08,21549,sweden,226,4,227.65,11.87,completed,exact_duplicate_copy,,,,,,,,,
260625,44782,2016-09-25,19003,SLOVAKIA,177,2,276.88,7.26,Done,exact_duplicate_copy,,,,,,,,,
260626,232123,2021-11-16,41956,CZ,537,3,108.15,17.14,CANCELLED,exact_duplicate_copy,,,,,,,,,
260627,147701,2017-12-20,52253,CZ,1436,1,259.01,,Shipped,exact_duplicate_copy,,,,,,,,,
260628,2041,2017-04-08,10206,germany,1158,2,163.33,7.01,Completed,exact_duplicate_copy,,,,,,,,,
260629,136075,2024-06-06,55090,Germany,122,4,282.4,6.72,DONE,exact_duplicate_copy,,,,,,,,,
260630,10487,2020-01-25,43857,netherlands,2174,2,342.94,7.07,done,exact_duplicate_copy,,,,,,,,,
260631,109136,2018-10-18,21722,Austria,1551,1,222.43,0.0,COMPLETED,exact_duplicate_copy,,,,,,,,,
260632,23886,2022/11/30,45070,Germany,1817,0,202.55,22.16,shipped,exact_duplicate_copy,,,,,,,,,
260633,147361,12/12/2023,24661,SLOVAKIA,2009,4,399.7,21.61,done,exact_duplicate_copy,,,,,,,,,
260634,39912,2022-10-08,34730,netherlands,1540,5,233.89,11.68,done,exact_duplicate_copy,,,,,,,,,
260635,43199,2024-11-20,54994,Slovakia,1576,2,186.14,9.69,Shipped,exact_duplicate_copy,,,,,,,,,
260636,64516,2024/01/31,24791,netherlands,1417,3,204.46,28.85,Completed,exact_duplicate_copy,,,,,,,,,
260637,83563,28-02-2022,58311,spain,654,6,169.08,9.39,Done,exact_duplicate_copy,,,,,,,,,
260638,47245,2020-05-24,23330,GER,1180,5,318.12,17.99,Done,exact_duplicate_copy,,,,,,,,,
260639,13662,2018-03-19,22229,DE,1784,2,157.7,,DONE,exact_duplicate_copy,,,,,,,,,
260640,5975,2015-11-17,20987,SE,198,5,129.61,,Done,exact_duplicate_copy,,,,,,,,,
260641,143084,03-05-2015,52488,FR,404,6,141.95,14.62,Done,exact_duplicate_copy,,,,,,,,,
260642,153063,04-07-2019,30638,CZ,1548,1,133.95,15.16,complete,exact_duplicate_copy,,,,,,,,,
260643,156331,2017-07-01,56823,netherlands,847,5,142.51,19.88,SHIP,exact_duplicate_copy,,,,,,,,,
260644,133778,2019-03-05,20460,Austria,1784,2,175.5,14.97,DONE,exact_duplicate_copy,,,,,,,,,
260645,199531,2020-12-25,18194,pl,2138,2,313.34,6.19,Shipped,exact_duplicate_copy,,,,,,,,,
260646,142898,2024-12-06,5629,spain,1777,2,430.17,10%,Completed,exact_duplicate_copy,,,,,,,,,
260647,163217,2018-05-03,48056,Germany,1210,1,162.15,15.85,Shipped,exact_duplicate_copy,,,,,,,,,
260648,35544,2024-01-10,66,Austria,882,3,145.59,12.83,Shipped,exact_duplicate_copy,,,,,,,,,
260649,221011,2017-10-13,17190,Austria,1629,3,105.82,19.17,shipped,exact_duplicate_copy,,,,,,,,,
260650,227670,2021-12-31,15760,netherlands,1662,4,397.68,13.09,COMPLETED,exact_duplicate_copy,,,,,,,,,
260651,156444,2017-05-01,28487,IT,1340,1,77.68,4.95,Done,exact_duplicate_copy,,,,,,,,,
260652,251732,2018-07-09,18700,IT,1812,4,291.31,22.0,DONE,exact_duplicate_copy,,,,,,,,,
260653,185075,2017-05-07,21595,austria,1402,1,294.68,19.98,SHIP,exact_duplicate_copy,,,,,,,,,
260654,203560,26-12-2015,32501,italy,1430,3,280.26,0.0,complete,exact_duplicate_copy,,,,,,,,,
260655,239146,2015-01-20,24349,SE,2470,1,169.39,10.74,Completed,exact_duplicate_copy,,,,,,,,,
260656,73127,19-06-2018,29154,Poland,1289,8,205.58,5.44,SHIP,exact_duplicate_copy,,,,,,,,,
260657,110307,2022-07-08,50129,France,921,2,181.36,37.53,Shipped,exact_duplicate_copy,,,,,,,,,
260658,147692,2021-04-10,49771,Spain,2089,2,182.45,,SHIP,exact_duplicate_copy,,,,,,,,,
260659,66311,2018/04/27,40496,Spain,1202,3,88.73,11.71,done,exact_duplicate_copy,,,,,,,,,
260660,91354,2020/04/30,57494,Austria,2066,7,89.78,9.23,done,exact_duplicate_copy,,,,,,,,,
260661,208700,2024.10.22,34415,czechia,2412,3,192.13,,done,exact_duplicate_copy,,,,,,,,,
260662,150805,2018-02-24,41553,SLOVAKIA,191,3,201.1,26.23,DONE,exact_duplicate_copy,,,,,,,,,
260663,225792,2020/08/12,45848,PL,315,1,153.13,5.22,completed,exact_duplicate_copy,,,,,,,,,
260664,78861,2023.11.14,12945,Italy,561,2,65.53,3.79,Done,exact_duplicate_copy,,,,,,,,,
260665,256401,2024-09-19,11979,SE,1738,2,384.74,10.14,COMPLETED,exact_duplicate_copy,,,,,,,,,
260666,67565,2015-07-01,5877,France,1154,3,171.73,0.0,COMPLETED,exact_duplicate_copy,,,,,,,,,
260667,21714,2024-08-27,32548,germany,2432,3,120.54,2.88,complete,exact_duplicate_copy,,,,,,,,,
260668,259353,23-09-2024,39397,Netherlands,1650,2,87.96,0.0,done,exact_duplicate_copy,,,,,,,,,
260669,206321,2016-09-22,38001,IT,1314,1,59.12,8.84,DONE,exact_duplicate_copy,,,,,,,,,
260670,188708,2021/06/17,25335,Netherlands,1017,1,143.59,11.34,completed,exact_duplicate_copy,,,,,,,,,
260671,163793,2018-12-29,9783,IT,1686,3,89.59,0.86,complete,exact_duplicate_copy,,,,,,,,,
260672,205372,2018-07-03,22412,Holland,1768,1,108.03,,Done,exact_duplicate_copy,,,,,,,,,
260673,199663,2021-11-10,42888,Deutschland,830,2,147.05,,SHIP,exact_duplicate_copy,,,,,,,,,
260674,12678,2024-12-03,13851,SE,1453,1,246.37,21.34,complete,exact_duplicate_copy,,,,,,,,,
260675,990,13/02/2022,27215,NL,1583,3,92.73,14.89,Shipped,exact_duplicate_copy,,,,,,,,,
260676,214669,2018-11-12,34289,Polska,755,3,99.99,19.4,done,exact_duplicate_copy,,,,,,,,,
260677,146749,20-08-2023,53957,AT,287,1,336.64,11.54,DONE,exact_duplicate_copy,,,,,,,,,
260678,236408,2020-08-06,1557,spain,89,1,263.17,19.07,Completed,exact_duplicate_copy,,,,,,,,,
260679,190553,2023/03/26,57662,Spain,859,6,431.94,8.7,Shipped,exact_duplicate_copy,,,,,,,,,
260680,257922,15/04/2015,20950,Slovakia,435,3,106.83,16.7,done,exact_duplicate_copy,,,,,,,,,
260681,122603,2023/11/12,46614,Deutschland,1479,4,208.53,1.46,shipped,exact_duplicate_copy,,,,,,,,,
260682,238192,2022-10-11,2444,GER,270,7,98.81,13.99,shipped,exact_duplicate_copy,,,,,,,,,
260683,152948,2016-05-31,55107,Czechia,770,4,156.39,0.0,DONE,exact_duplicate_copy,,,,,,,,,
260684,251919,2022.07.14,53118,SLOVAKIA,2463,1,114.4,27.31,complete,exact_duplicate_copy,,,,,,,,,
260685,159361,2017-04-08,15706,France,1165,3,109.13,28.07,Completed,exact_duplicate_copy,,,,,,,,,
260686,12099,2024-03-22,42313,sweden,1522,3,226.78,18.72,shipped,exact_duplicate_copy,,,,,,,,,
260687,129327,2018-04-24,14436,AT,1570,3,134.01,18.93,completed,exact_duplicate_copy,,,,,,,,,
260688,9752,2018-10-20,15460,Spain,1492,2,134.33,19.23,DONE,exact_duplicate_copy,,,,,,,,,
260689,56276,2018-10-24,34179,germany,1091,4,105.09,10.18,Completed,exact_duplicate_copy,,,,,,,,,
260690,106856,2022.11.04,14738,NL,2391,4,55.5,,done,exact_duplicate_copy,,,,,,,,,
260691,170274,2019-11-30,53990,italy,580,2,186.05,5.37,Completed,exact_duplicate_copy,,,,,,,,,
260692,204066,2016/04/22,34804,netherlands,2058,3,294.92,27.52,Shipped,exact_duplicate_copy,,,,,,,,,
260693,160935,2019-02-27,38439,AT,2419,2,112.31,,done,exact_duplicate_copy,,,,,,,,,
260694,130859,2022-06-24,4121,PL,1649,3,220.24,8.93,SHIP,exact_duplicate_copy,,,,,,,,,
260695,221292,2017-02-16,17372,france,1035,6,129.92,11.86,COMPLETED,exact_duplicate_copy,,,,,,,,,
260696,102406,2017-02-04,49315,Austria,20,6,71.61,11.22,CANCELLED,exact_duplicate_copy,,,,,,,,,
260697,166850,2023-11-20,42733,Czech Republic,1197,2,345.25,0.0,Completed,exact_duplicate_copy,,,,,,,,,
260698,200240,2020/09/10,52678,italy,2080,4,147.24,17.86,shipped,exact_duplicate_copy,,,,,,,,,
260699,170720,2024-07-22,36023,FR,4,4,149.9,16.47,Done,exact_duplicate_copy,,,,,,,,,
260700,236665,2019/09/17,38952,Austria,915,2,99.01,30.24,Shipped,exact_duplicate_copy,,,,,,,,,
260701,90606,2018-08-10,41434,ES,937,2,261.06,6.89,DONE,exact_duplicate_copy,,,,,,,,,
260702,210284,2021-07-13,57385,Slovakia,2144,3,271.7,6.93,Completed,exact_duplicate_copy,,,,,,,,,
260703,67040,2024-07-18,20686,Sweden,2471,3,111.38,20.4,done,exact_duplicate_copy,,,,,,,,,
260704,47165,2023-02-01,28548,France,661,4,288.17,19.28,COMPLETED,exact_duplicate_copy,,,,,,,,,
260705,228394,2020-12-08,37940,spain,2154,4,125.18,20.83,Done,exact_duplicate_copy,,,,,,,,,
260706,256942,2016-01-30,36072,POL,1124,6,213.07,15.69,SHIP,exact_duplicate_copy,,,,,,,,,
260707,169675,2019-12-28,14264,Slovakia,245,3,195.01,16.68,done,exact_duplicate_copy,,,,,,,,,
260708,12441,09/10/2024,49426,AT,30,4,138.91,21.37,Completed,exact_duplicate_copy,,,,,,,,,
260709,68969,2021/06/05,24292,SK,74,3,127.02,0.0,CANCELLED,exact_duplicate_copy,,,,,,,,,
260710,61210,2021.03.14,32037,GER,242,6,87.9,22.63,SHIP,exact_duplicate_copy,,,,,,,,,
260711,102394,2021-11-13,31319,poland,43,3,410.5,10.21,COMPLETED,exact_duplicate_copy,,,,,,,,,
260712,19716,24-01-2024,6795,Deutschland,115,4,132.47,17.71,DONE,exact_duplicate_copy,,,,,,,,,
260713,197655,2024/07/13,6639,SLOVAKIA,1846,2,225.56,0.0,DONE,exact_duplicate_copy,,,,,,,,,
260714,155232,2021-09-30,14680,SK,1343,5,358.7,9.11,complete,exact_duplicate_copy,,,,,,,,,
260715,153762,2022-08-19,52710,Spain,2378,1,144.77,11.91,Shipped,exact_duplicate_copy,,,,,,,,,
260716,6777,25-03-2016,23902,AT,574,3,96.25,32.7,done,exact_duplicate_copy,,,,,,,,,
260717,121845,2022-03-11,10500,France,345,5,199.5,18.0,shipped,exact_duplicate_copy,,,,,,,,,
260718,183763,2020-02-01,18686,Austria,505,5,132.24,21.79,done,exact_duplicate_copy,,,,,,,,,
260719,251521,2020-09-29,59373,NL,810,1,165.93,17.84,Done,exact_duplicate_copy,,,,,,,,,
260720,144548,2015-11-10,2317,Spain,677,4,99.52,11.13,DONE,exact_duplicate_copy,,,,,,,,,
260721,171532,2024-06-21,58997,sweden,1144,4,158.55,,shipped,exact_duplicate_copy,,,,,,,,,
260722,103264,2019/07/27,42334,AT,332,3,173.95,24.68,Done,exact_duplicate_copy,,,,,,,,,
260723,236485,2020/12/08,14016,Slovakia,1782,2,365.32,20.64,DONE,exact_duplicate_copy,,,,,,,,,
260724,251849,2015/08/19,44779,germany,1342,4,176.65,20.42,SHIP,exact_duplicate_copy,,,,,,,,,
260725,236811,2023-10-14,49288,AT,2465,5,75.49,0.0,complete,exact_duplicate_copy,,,,,,,,,
260726,34687,2021-08-05,46316,GER,452,4,167.15,24.29,completed,exact_duplicate_copy,,,,,,,,,
260727,92364,2018-02-02,20345,Czech Republic,791,3,290.32,8.02,COMPLETED,exact_duplicate_copy,,,,,,,,,
260728,150371,2017-10-10,19082,netherlands,1095,5,201.86,1.63,CANCELLED,exact_duplicate_copy,,,,,,,,,
260729,88854,2019/02/24,47111,POL,765,5,0.0,15.8,DONE,exact_duplicate_copy,,,,,,,,,
260730,105416,2022-11-16,35556,France,153,5,85.56,21.06,Done,exact_duplicate_copy,,,,,,,,,
260731,12812,2024.11.06,37885,Spain,1060,3,237.6,21.89,Completed,exact_duplicate_copy,,,,,,,,,
260732,47157,2015-04-13,14319,FR,2320,4,209.99,12.12,Shipped,exact_duplicate_copy,,,,,,,,,
260733,236958,26-11-2015,7520,Polska,372,5,358.64,12.23,Shipped,exact_duplicate_copy,,,,,,,,,
260734,135487,2016-08-28,50308,czechia,49,2,298.9,,shipped,exact_duplicate_copy,,,,,,,,,
260735,126510,2022-08-04,8708,spain,1972,2,148.47,14.78,done,exact_duplicate_copy,,,,,,,,,
260736,38182,2022-12-29,29592,Czech,437,5,166.22,14.52,COMPLETED,exact_duplicate_copy,,,,,,,,,
260737,214629,2022-04-03,26387,Austria,1462,2,159.23,9.26,shipped,exact_duplicate_copy,,,,,,,,,
260738,212074,2024-10-20,7243,Germany,128,1,335.49,6.14,Completed,exact_duplicate_copy,,,,,,,,,
260739,210475,2018-12-28,44208,GER,913,3,130.24,13.16,done,exact_duplicate_copy,,,,,,,,,
260740,211300,29/04/2016,3973,Italy,1056,608,161.3,20.21,done,exact_duplicate_copy,,,,,,,,,
260741,197926,2017/09/20,12542,austria,1230,3,272.6,12.85,Done,exact_duplicate_copy,,,,,,,,,
260742,203023,2023-05-30,28662,france,1998,4,103.08,1.28,CANCELLED,exact_duplicate_copy,,,,,,,,,
260743,224237,2019/07/20,18376,pl,1841,2,89.1,7.1,COMPLETED,exact_duplicate_copy,,,,,,,,,
260744,162338,2022/09/11,59426,SK,1757,4,275.96,0.5,Done,exact_duplicate_copy,,,,,,,,,
260745,192153,2017-05-18,33705,netherlands,812,2,183.06,15.28,COMPLETED,exact_duplicate_copy,,,,,,,,,
260746,188748,2017-10-31,36171,NL,1398,5,380.7,12.14,shipped,exact_duplicate_copy,,,,,,,,,
260747,123986,2023/11/17,59219,DE,908,1,212.13,13.12,CANCELLED,exact_duplicate_copy,,,,,,,,,
260748,91868,2021-11-09,15683,ES,1286,3,308.84,16.51,Shipped,exact_duplicate_copy,,,,,,,,,
260749,119232,2021-08-28,51250,Italy,1689,2,100.93,22.58,done,exact_duplicate_copy,,,,,,,,,
260750,59082,2021-02-11,15020,Holland,414,3,222.51,5.56,Shipped,exact_duplicate_copy,,,,,,,,,
260751,9165,2024/10/16,42015,netherlands,1606,4,135.18,15.2,shipped,exact_duplicate_copy,,,,,,,,,
260752,215202,2022-10-09,30322,ES,581,5,336.77,23.18,Shipped,exact_duplicate_copy,,,,,,,,,
260753,128549,2016-01-24,55590,sweden,2120,2,213.66,20.88,done,exact_duplicate_copy,,,,,,,,,
260754,243108,2015-12-01,50031,CZ,2151,2,142.79,12.92,completed,exact_duplicate_copy,,,,,,,,,
260755,115852,2019-09-09,53690,spain,2290,2,89.17,10.94,SHIP,exact_duplicate_copy,,,,,,,,,
260756,160948,2016-07-16,37953,Holland,15,2,172.84,12.54,completed,exact_duplicate_copy,,,,,,,,,
260757,103569,2020-11-28,33064,italy,2432,3,121.36,24.38,completed,exact_duplicate_copy,,,,,,,,,
260758,99737,2018-12-16,27573,FR,999,4,171.84,0.0,Completed,exact_duplicate_copy,,,,,,,,,
260759,221222,2024-05-21,25108,italy,1680,2,127.06,25.59,Shipped,exact_duplicate_copy,,,,,,,,,
260760,14002,29-06-2017,50230,Netherlands,1715,3,124.82,5.33,Done,exact_duplicate_copy,,,,,,,,,
260761,113610,2019.12.18,58232,france,371,4,120.3,9.16,DONE,exact_duplicate_copy,,,,,,,,,
260762,16264,2017/02/16,10295,Austria,303,4,205.19,13.01,done,exact_duplicate_copy,,,,,,,,,
260763,12215,2019/04/09,41180,austria,1941,3,189.07,25.16,Shipped,exact_duplicate_copy,,,,,,,,,
260764,132986,2016/06/26,4323,slovak,1885,7,290.67,14.25,shipped,exact_duplicate_copy,,,,,,,,,
260765,214889,2017-05-10,59093,Spain,2195,3,290.82,8.23,complete,exact_duplicate_copy,,,,,,,,,
260766,200051,2018-09-21,12727,france,1558,7,425.25,3.13,Shipped,exact_duplicate_copy,,,,,,,,,
260767,241381,2022-03-26,59823,SK,519,1,134.56,18.33,Shipped,exact_duplicate_copy,,,,,,,,,
260768,46103,2017/01/30,9302,CZ,795,4,98.16,25.87,Shipped,exact_duplicate_copy,,,,,,,,,
260769,186452,2023-11-27,15730,germany,969,1,126.69,16.04,complete,exact_duplicate_copy,,,,,,,,,
260770,55672,2020-10-08,42805,ES,845,2,233.93,17.2,complete,exact_duplicate_copy,,,,,,,,,
260771,248458,2022-11-28,6247,IT,1946,2,297.49,0.0,Shipped,exact_duplicate_copy,,,,,,,,,
260772,41368,27-03-2020,32953,FR,1301,5,163.71,0.0,DONE,exact_duplicate_copy,,,,,,,,,
260773,208055,18-10-2023,32464,netherlands,1919,2,58.02,25.61,Completed,exact_duplicate_copy,,,,,,,,,
260774,245522,2017-02-01,58644,France,1039,1,125.52,14.48,Completed,exact_duplicate_copy,,,,,,,,,
260775,184988,2024.01.31,53588,Polska,548,4,170.79,27.58,COMPLETED,exact_duplicate_copy,,,,,,,,,
260776,186561,2018/10/29,33382,France,75,3,242.86,13.65,shipped,exact_duplicate_copy,,,,,,,,,
260777,73520,2016-11-28,891,Germany,854,2,153.9,10.52,completed,exact_duplicate_copy,,,,,,,,,
260778,122026,2024-11-20,2898,France,417,4,145.58,,Completed,exact_duplicate_copy,,,,,,,,,
260779,82086,2017-11-18,48553,France,654,2,144.09,9.33,complete,exact_duplicate_copy,,,,,,,,,
260780,162612,2021/05/09,4569,CZ,1272,5,219.54,22.69,CANCELLED,exact_duplicate_copy,,,,,,,,,
